wb-id,user-id,user-name,clean_content,full_content,related_video,related_pics,retweet,forward,comment,like,created at,relative time
4472894434717377,3206573203,八荒以后,目前情况再说明一下：/**//**/1.我们由于之前各方面（无论是小区疫情还是物资供应）都很稳定，所以实在没必要囤菜，我们只是每三天出去一次买适量，买多了会给自己和他人都带来困扰；/**//**/2.物资一直稳定，没有供应不足，但出现断档是事实，原因是突然封锁小区大家都慌了，跑去囤积，导致没有接到通知的业主买不到食物，而这时候已经用掉了每隔三天出去一次的机会。如果后期不再突然通知或者干脆不通知，这就只会是偶发现象；/**//**/3.在家大哭说自己也很饿，一方面是因为精神状态不好，一方面是工作压力巨大，一方面是食物不够也没有做饭的健全条件（为什么不囤和为什么没有囤到请返回看第1和第2条）。一开始就是很多因素堆积在一起，并不是两个成年人给饿哭了（不知道会不会再被突然更严格地封锁以及不知道封锁到什么时候吓哭的比较多吧），不至于；/**//**/4.我有钱，只是之前购买途径（为什么不需要万全的购买途径请再返回第1条）不多，经过大家互通有无，目前困境应当可以得到解决。大家不需要给我寄东西，食物留给自己吧，或者分给附近的医护人员、失独孤寡人群都可以；/**//**/5.购买途径也有，谢谢大家的信息分享，我争取让更多的人也可以通过这个得到帮助；/**//**/6.不管是骂我的，还是支持我的，大家讨论问题解决问题就好。发泄激昂的情绪对自己身体不好，当然你们非要骂我我也无所谓，这不是第一次遭受网络暴力，我也不会屈服；/**//**/7.转发评论里确实开始有很多各有所图的人交织在一起，好心人们请保护好自己的财产安全；/**//**/8.质疑真实性的，说明你还有怀疑的能力和态度，请你继续保持并且坚定地运用于监督公权力上，愿国家因为你们的质疑变得更加透明公正和高效。/**//**/今天要上班，私信没办法一一回复，也不想个人博被人拿来利用，就不参与讨论了。叨扰。,目前情况再说明一下：<br /><br />1.我们由于之前各方面（无论是小区疫情还是物资供应）都很稳定，所以实在没必要囤菜，我们只是每三天出去一次买适量，买多了会给自己和他人都带来困扰；<br /><br />2.物资一直稳定，没有供应不足，但出现断档是事实，原因是突然封锁小区大家都慌了，跑去囤积，导致没有接到通知的业主买不到食物，而这时候已经用掉了每隔三天出去一次的机会。如果后期不再突然通知或者干脆不通知，这就只会是偶发现象；<br /><br />3.在家大哭说自己也很饿，一方面是因为精神状态不好，一方面是工作压力巨大，一方面是食物不够也没有做饭的健全条件（为什么不囤和为什么没有囤到请返回看第1和第2条）。一开始就是很多因素堆积在一起，并不是两个成年人给饿哭了（不知道会不会再被突然更严格地封锁以及不知道封锁到什么时候吓哭的比较多吧），不至于；<br /><br />4.我有钱，只是之前购买途径（为什么不需要万全的购买途径请再返回第1条）不多，经过大家互通有无，目前困境应当可以得到解决。大家不需要给我寄东西，食物留给自己吧，或者分给附近的医护人员、失独孤寡人群都可以；<br /><br />5.购买途径也有，谢谢大家的信息分享，我争取让更多的人也可以通过这个得到帮助；<br /><br />6.不管是骂我的，还是支持我的，大家讨论问题解决问题就好。发泄激昂的情绪对自己身体不好，当然你们非要骂我我也无所谓，这不是第一次遭受网络暴力，我也不会屈服；<br /><br />7.转发评论里确实开始有很多各有所图的人交织在一起，好心人们请保护好自己的财产安全；<br /><br />8.质疑真实性的，说明你还有怀疑的能力和态度，请你继续保持并且坚定地运用于监督公权力上，愿国家因为你们的质疑变得更加透明公正和高效。<br /><br />今天要上班，私信没办法一一回复，也不想个人博被人拿来利用，就不参与讨论了。叨扰。,{},{},{},12,1,40,1581915328.696859,2小时前
4472879179673791,3206573203,八荒以后,/**/有时间“一大早”从哪里过来“关心”，不如管好自己。/**/谢谢理解的善意的人，我不会向网络暴力屈服。/**/今天每一个辱骂我和我的朋友的人，我会保留你们所有人的ID，无论大小号。我不会报复你们或者引战，我只想看看你们余生是不是能永远面面俱到，完美无缺。 ,"<a data-url=""http://t.cn/A6h6yO52"" href=""https://weibo.com/u/1874527943"" data-hide=""""><span class='url-icon'><img style='width: 1rem;height: 1rem' src='https://h5.sinaimg.cn/upload/2015/09/25/3/timeline_card_small_web_default.png'></span><span class=""surl-text"">网页链接</span></a><br />有时间“一大早”从哪里过来“关心”，不如管好自己。<br />谢谢理解的善意的人，我不会向网络暴力屈服。<br />今天每一个辱骂我和我的朋友的人，我会保留你们所有人的ID，无论大小号。我不会报复你们或者引战，我只想看看你们余生是不是能永远面面俱到，完美无缺。 ",{},"[{'pid': 'bf206c93ly1gbz4477ni7j20hs0j8n2l', 'url': 'https://wx2.sinaimg.cn/orj360/bf206c93ly1gbz4477ni7j20hs0j8n2l.jpg', 'size': 'orj360', 'geo': {'width': 360, 'height': 389, 'croped': False}, 'large': {'size': 'large', 'url': 'https://wx2.sinaimg.cn/large/bf206c93ly1gbz4477ni7j20hs0j8n2l.jpg', 'geo': {'width': '640', 'height': '692', 'croped': False}}}]",{},3,0,25,1581915334.939675,3小时前
4472746195435397,3206573203,八荒以后,不想解释，也不想和谁争吵。/**/如果相信政府，或者乐观的预判是一种罪过，那我也无话可说。/**/大家都是韭菜，不必对同类这么苛刻。多点同理心，会让你表情不那么残忍。/**//**/感谢今天给我提供信息的朋友们，如有精力，我会整理出来（没有也别怪我）；请大家不要给我邮寄东西，一个是我不缺钱可以自己买，一个是快递也进不来，把物流通道留给医护人员吧；以及喷子们，骂我不能让你快乐，还可能引起我对你人身攻击的诉讼，实在不必。/**//**/最后祝你们身体健康，开开心心,"不想解释，也不想和谁争吵。<br />如果相信政府，或者乐观的预判是一种罪过，那我也无话可说。<br />大家都是韭菜，不必对同类这么苛刻。多点同理心，会让你表情不那么残忍。<br /><br />感谢今天给我提供信息的朋友们，如有精力，我会整理出来（没有也别怪我）；请大家不要给我邮寄东西，一个是我不缺钱可以自己买，一个是快递也进不来，把物流通道留给医护人员吧；以及喷子们，骂我不能让你快乐，还可能引起我对你人身攻击的诉讼，实在不必。<br /><br />最后祝你们身体健康，开开心心<span class=""url-icon""><img alt=[月亮] src=""//h5.sinaimg.cn/m/emoticon/icon/others/w_yueliang-7b19f500d5.png"" style=""width:1em; height:1em;"" /></span>",{},{},{},21,0,144,1581915341.165363,12小时前
4472727811102401,3206573203,八荒以后,今天和姐妹开语音吐槽对象被他听到了，为了证明自己，晚上自己独立完成了蒸米饭、红烧肉和炝生菜。/**/大家各自的领域不一样吧，他在其他领域很厉害，所以不会做饭或者对囤菜这个事预判有出入，实在是再正常不过。/**/大家别骂他了，平时碗是他刷，衣服是他洗，屎是他铲，从今天开始饭也是他做了。/**//**/我：你知道大家都在骂你不？虽然我也被骂了。说咱俩没有生活自理能力，活在平行宇宙啥的。/**/对象：行了，这下全网都知道我不会做饭了/**//**/好了还有6分钟，“所以暂时将你眼睛闭了起来”,"今天和姐妹开语音吐槽对象被他听到了，为了证明自己，晚上自己独立完成了蒸米饭、红烧肉和炝生菜。<br />大家各自的领域不一样吧，他在其他领域很厉害，所以不会做饭或者对囤菜这个事预判有出入，实在是再正常不过。<br />大家别骂他了，平时碗是他刷，衣服是他洗，屎是他铲，从今天开始饭也是他做了。<br /><br />我：你知道大家都在骂你不？虽然我也被骂了。说咱俩没有生活自理能力，活在平行宇宙啥的。<br />对象：行了，这下全网都知道我不会做饭了<span class=""url-icon""><img alt=[doge] src=""//h5.sinaimg.cn/m/emoticon/icon/others/d_doge-861403219c.png"" style=""width:1em; height:1em;"" /></span><br /><br />好了还有6分钟，“所以暂时将你眼睛闭了起来”<span class=""url-icon""><img alt=[并不简单] src=""//h5.sinaimg.cn/m/emoticon/icon/default/d_bingbujiandan-e0c6936005.png"" style=""width:1em; height:1em;"" /></span>",{},{},{},7,0,32,1581915344.318641,14小时前
4472718990435537,3206573203,八荒以后,不是挂谁，就是刚好借此说一下自己的想法。我们之前也想过删博，但是没删的原因如下。/**/【说我们引流蹭热度的emmm，太看得起俺们了哈俺明天就开始卖电动牙刷，你买不 ,"不是挂谁，就是刚好借此说一下自己的想法。我们之前也想过删博，但是没删的原因如下。<br />【说我们引流蹭热度的emmm，太看得起俺们了哈俺明天就开始卖电动牙刷，你买不<span class=""url-icon""><img alt=[doge] src=""//h5.sinaimg.cn/m/emoticon/icon/others/d_doge-861403219c.png"" style=""width:1em; height:1em;"" /></span> ",{},"[{'pid': 'bf206c93ly1gbylqt0087j20hs0kxdpb', 'url': 'https://wx1.sinaimg.cn/orj360/bf206c93ly1gbylqt0087j20hs0kxdpb.jpg', 'size': 'orj360', 'geo': {'width': 360, 'height': 423, 'croped': False}, 'large': {'size': 'large', 'url': 'https://wx1.sinaimg.cn/large/bf206c93ly1gbylqt0087j20hs0kxdpb.jpg', 'geo': {'width': '640', 'height': '753', 'croped': False}}}, {'pid': 'bf206c93ly1gbylqtd317j20hs0ir7bc', 'url': 'https://wx3.sinaimg.cn/orj360/bf206c93ly1gbylqtd317j20hs0ir7bc.jpg', 'size': 'orj360', 'geo': {'width': 360, 'height': 379, 'croped': False}, 'large': {'size': 'large', 'url': 'https://wx3.sinaimg.cn/large/bf206c93ly1gbylqtd317j20hs0ir7bc.jpg', 'geo': {'width': '640', 'height': '675', 'croped': False}}}, {'pid': 'bf206c93ly1gbylq18nr7j20hs0ib496', 'url': 'https://wx2.sinaimg.cn/orj360/bf206c93ly1gbylq18nr7j20hs0ib496.jpg', 'size': 'orj360', 'geo': {'width': 360, 'height': 370, 'croped': False}, 'large': {'size': 'large', 'url': 'https://wx2.sinaimg.cn/large/bf206c93ly1gbylq18nr7j20hs0ib496.jpg', 'geo': {'width': '640', 'height': '659', 'croped': False}}}, {'pid': 'bf206c93ly1gbylqtngd2j20hs0i7ahd', 'url': 'https://wx1.sinaimg.cn/orj360/bf206c93ly1gbylqtngd2j20hs0i7ahd.jpg', 'size': 'orj360', 'geo': {'width': 360, 'height': 368, 'croped': False}, 'large': {'size': 'large', 'url': 'https://wx1.sinaimg.cn/large/bf206c93ly1gbylqtngd2j20hs0i7ahd.jpg', 'geo': {'width': '640', 'height': '655', 'croped': False}}}, {'pid': 'bf206c93ly1gbylqsnk5aj20hs0n1ths', 'url': 'https://wx1.sinaimg.cn/orj360/bf206c93ly1gbylqsnk5aj20hs0n1ths.jpg', 'size': 'orj360', 'geo': {'width': 360, 'height': 466, 'croped': False}, 'large': {'size': 'large', 'url': 'https://wx1.sinaimg.cn/large/bf206c93ly1gbylqsnk5aj20hs0n1ths.jpg', 'geo': {'width': '640', 'height': '829', 'croped': False}}}]",{},47,1,37,1581915348.483886,14小时前
4472694642670480,3206573203,八荒以后,看大家群情激奋给我整挺害怕的。别介吧本来就是我自己吐槽，朋友关心和其他朋友们求助一下。/**/出现这个情况一方面是某些原因，一方面我也说了是个人因素。回头给我和鸡仔俩整炸号了，或者逼我们说在哪的质疑真实性的甩精神诊断书，怪吓人的。/**/今天《想见你》大结局，都去看帅哥吧，跟不认识的人吵什么架呢。,看大家群情激奋给我整挺害怕的。别介吧本来就是我自己吐槽，朋友关心和其他朋友们求助一下。<br />出现这个情况一方面是某些原因，一方面我也说了是个人因素。回头给我和鸡仔俩整炸号了，或者逼我们说在哪的质疑真实性的甩精神诊断书，怪吓人的。<br />今天《想见你》大结局，都去看帅哥吧，跟不认识的人吵什么架呢。,{},{},{},3,0,28,1581915354.717552,16小时前
4472682953436586,3206573203,八荒以后,大家别骂了。有人问为什么卫生纸都没了，那我也不知道啊。我也想问那些人为啥连卫生巾都抢，害我马桶上坐一天，晚上夹着b睡觉生怕血把我对象冲跑了 ,"大家别骂了。有人问为什么卫生纸都没了，那我也不知道啊。我也想问那些人为啥连卫生巾都抢，害我马桶上坐一天，晚上夹着b睡觉生怕血把我对象冲跑了<span class=""url-icon""><img alt=[doge] src=""//h5.sinaimg.cn/m/emoticon/icon/others/d_doge-861403219c.png"" style=""width:1em; height:1em;"" /></span> ",{},{},{},5,3,41,1581915359.908855,16小时前
4472674270618407,3206573203,八荒以后,很多人说我007又怎么周末出去买菜，因为我翘班了；/**//**/说我对象不复工在干嘛的——他在苦闷。每个人应对危机的心理承受能力和办法都有不同，我也觉得他没有尽力，所以我们每天吵架；/**//**/说我对象不会做饭是巨婴这个也不全对，他确实以前生活得非常无忧无虑，缺乏生活技能和应对危机的能力、过于自信，这也是我们吵架的原因之一；/**//**/说我们怎么不囤菜的，可能因为我们相信政府吧而且中百和罗森一直供应稳定，真的不需要囤菜（只要不再突然封锁就不会有哄抢；/**//**/大家发给鸡仔的我都有看，真的非常非常感谢大家【鞠躬！/**/目前情况已经解决，不必担心。我已经抢夺到了这个家的控制权，以后应该不会再出现这种问题。/**//**/（个人生活本来没必要和人解释，但还是不希望有骂战。乱喷的可以去我年前的微博看看那时候的战斗力，我不仅骂你还挂你然后起诉你,"很多人说我007又怎么周末出去买菜，因为我翘班了；<br /><br />说我对象不复工在干嘛的——他在苦闷。每个人应对危机的心理承受能力和办法都有不同，我也觉得他没有尽力，所以我们每天吵架；<br /><br />说我对象不会做饭是巨婴这个也不全对，他确实以前生活得非常无忧无虑，缺乏生活技能和应对危机的能力、过于自信，这也是我们吵架的原因之一；<br /><br />说我们怎么不囤菜的，可能因为我们相信政府吧<span class=""url-icon""><img alt=[doge] src=""//h5.sinaimg.cn/m/emoticon/icon/others/d_doge-861403219c.png"" style=""width:1em; height:1em;"" /></span>而且中百和罗森一直供应稳定，真的不需要囤菜（只要不再突然封锁就不会有哄抢；<br /><br />大家发给鸡仔的我都有看，真的非常非常感谢大家【鞠躬！<br />目前情况已经解决，不必担心。我已经抢夺到了这个家的控制权，以后应该不会再出现这种问题。<br /><br />（个人生活本来没必要和人解释，但还是不希望有骂战。乱喷的可以去我年前的微博看看那时候的战斗力，我不仅骂你还挂你然后起诉你<span class=""url-icon""><img alt=[喵喵] src=""//h5.sinaimg.cn/m/emoticon/icon/others/d_miao-61fe2a7aaa.png"" style=""width:1em; height:1em;"" /></span>",{},{},{},9,3,53,1581915363.441814,17小时前
4472639986416600,3206573203,八荒以后,喝了杯不知道是什么豆子的现磨吃了个榴莲大福也算拥有下午茶了,喝了杯不知道是什么豆子的现磨吃了个榴莲大福也算拥有下午茶了,{},{},"{'id': '4472628305584345', 'content': '云下午茶 ', 'user': {'id': 6087657768, 'name': '逆翾'}}",0,0,0,1581916601.399596,20小时前
4472431417219361,3206573203,八荒以后,今天实在没忍住，问他你为什么会没有现钱了呢。/**/和他聊过以后知道了一些情况，也能理解。所幸我还有钱，可以撑一段时间。/**/他说我之前还在想你是不是根本不在乎我，不然怎么从来不问任何关于我的事情。/**/忽然就觉得挺可笑的。/**//**/那天是情人节，我说今天是情人节诶。他说哦，情人节快乐。然后睡了一天。/**/我忙到晚上七点才下班，一天只吃了一碗面，拿着三角刀给鸡翅改花刀再用可乐腌，做完已经八点多，九点前还要交一份总结然后开会。吃的时候我说我不吃你吃吧，我不爱吃鸡翅，我吃这个红薯就好了。/**//**/那时候我还以为这样的在乎是真正的可以被感受到的在乎来着。,今天实在没忍住，问他你为什么会没有现钱了呢。<br />和他聊过以后知道了一些情况，也能理解。所幸我还有钱，可以撑一段时间。<br />他说我之前还在想你是不是根本不在乎我，不然怎么从来不问任何关于我的事情。<br />忽然就觉得挺可笑的。<br /><br />那天是情人节，我说今天是情人节诶。他说哦，情人节快乐。然后睡了一天。<br />我忙到晚上七点才下班，一天只吃了一碗面，拿着三角刀给鸡翅改花刀再用可乐腌，做完已经八点多，九点前还要交一份总结然后开会。吃的时候我说我不吃你吃吧，我不爱吃鸡翅，我吃这个红薯就好了。<br /><br />那时候我还以为这样的在乎是真正的可以被感受到的在乎来着。,{},{},{},3,2,48,1581916604.807976,昨天 03:16
4472426760634850,3206573203,八荒以后,我今天看着他说，你是不是瘦了。/**/他低着头，很轻很慢地“嗯”了一下，然后有点愧疚地说，我其实一直都没吃饱过。/**/我愣在那里，心里很难受。/**//**/电话会议打进来，我开着静音听，听着听着就站在窗边开始流泪，最后一屁股坐在地上嚎啕大哭。/**/我真的很想跳下去，觉得一切太遥遥无期了，不知道自己能不能撑到那个时候。可是看春天来了，又总觉得也许还有一点点希望。/**//**/想骂他为什么不让我囤菜，为什么不让我多买几个口罩，为什么过于自信以至于把生活过成这个样子，为什么不会买菜不会做饭。/**/但是真的一句话也说不出来，我知道他心里也非常苦闷自责。可是他尚能逃避，我不能，我还要身兼多职地应对七八个部门的工作。/**//**/我哭着说就你饿吗，难道我就不饿吗，我也好饿啊。,我今天看着他说，你是不是瘦了。<br />他低着头，很轻很慢地“嗯”了一下，然后有点愧疚地说，我其实一直都没吃饱过。<br />我愣在那里，心里很难受。<br /><br />电话会议打进来，我开着静音听，听着听着就站在窗边开始流泪，最后一屁股坐在地上嚎啕大哭。<br />我真的很想跳下去，觉得一切太遥遥无期了，不知道自己能不能撑到那个时候。可是看春天来了，又总觉得也许还有一点点希望。<br /><br />想骂他为什么不让我囤菜，为什么不让我多买几个口罩，为什么过于自信以至于把生活过成这个样子，为什么不会买菜不会做饭。<br />但是真的一句话也说不出来，我知道他心里也非常苦闷自责。可是他尚能逃避，我不能，我还要身兼多职地应对七八个部门的工作。<br /><br />我哭着说就你饿吗，难道我就不饿吗，我也好饿啊。,{},{},{},21,13,50,1581916610.974062,昨天 02:58
4472423720597106,3206573203,八荒以后,说个真事。/**/前几天我们三五天没出门，家里没吃的了下去买菜，因为之前就还挺正常平时囤的也不多。结果对象下了楼物业不准出，说封锁了。我赶紧搜新闻才发现不知道什么时候在哪里通知武汉小区全面封锁，大家都去抢东西了。/**/他当然什么也没买到，物业也不准我们再出门了。/**/今天两个人抱着哭，一把挂面撑了两天，实在没吃的了。猫粮也买不到。/**/都在问外卖呢？跑腿呢？配送呢？你们能想到的我们会想不到吗？是真的已经无法可想了。/**/他不复工没有工资，还有房租和商业保险要交。我为了保住工作007式上班，心理生理压力都非常非常大。/**/两个人商量着实在不行只能偷偷翻墙多去几个地方碰碰运气。,说个真事。<br />前几天我们三五天没出门，家里没吃的了下去买菜，因为之前就还挺正常平时囤的也不多。结果对象下了楼物业不准出，说封锁了。我赶紧搜新闻才发现不知道什么时候在哪里通知武汉小区全面封锁，大家都去抢东西了。<br />他当然什么也没买到，物业也不准我们再出门了。<br />今天两个人抱着哭，一把挂面撑了两天，实在没吃的了。猫粮也买不到。<br />都在问外卖呢？跑腿呢？配送呢？你们能想到的我们会想不到吗？是真的已经无法可想了。<br />他不复工没有工资，还有房租和商业保险要交。我为了保住工作007式上班，心理生理压力都非常非常大。<br />两个人商量着实在不行只能偷偷翻墙多去几个地方碰碰运气。,{},{},{},7,4,22,1581916617.162066,昨天 02:46
4472419517119257,3206573203,八荒以后,如今担心的事就真的发生了。在封城前因为提出封城后怎么办，被人追着骂。那些让我相信政府的人你们看看，我们哪天不是在自救。/**/蝗灾下粮食减产，猪瘟还没过去，禽流感爆发，封锁下农作物滞产滞销，养殖场缺人缺饲料养不活牲畜……食物短缺物价必然会暴涨。一周前楼下的丝瓜就已经涨到了七块钱一根。/**/也很憎恨那些屯粮的人，像当初抢盐一样搬空超市。抢空了盐我们尚可活，但囤积食物以至于我们买不到食物，这种不给别人活的机会的人，不可恶吗。/**/心理疏导有用吗，没有的。在生死面前一切都是小事，那些不痛不痒的“加油”和“办法”只会让人更觉得可笑罢了。,如今担心的事就真的发生了。在封城前因为提出封城后怎么办，被人追着骂。那些让我相信政府的人你们看看，我们哪天不是在自救。<br />蝗灾下粮食减产，猪瘟还没过去，禽流感爆发，封锁下农作物滞产滞销，养殖场缺人缺饲料养不活牲畜……食物短缺物价必然会暴涨。一周前楼下的丝瓜就已经涨到了七块钱一根。<br />也很憎恨那些屯粮的人，像当初抢盐一样搬空超市。抢空了盐我们尚可活，但囤积食物以至于我们买不到食物，这种不给别人活的机会的人，不可恶吗。<br />心理疏导有用吗，没有的。在生死面前一切都是小事，那些不痛不痒的“加油”和“办法”只会让人更觉得可笑罢了。,{},{},{},4,0,26,1581916623.288787,昨天 02:29
4472414950331646,3206573203,八荒以后,App Store里能下的买菜app我全下了，不是瞬间约满就是补货中就是临时休息。这是前几天出去超市里的大米。连大米都被抢空，遑论蔬菜了。封城以来更是一次水果没有吃过。/**/我真的觉得大家已经很努力配合疫情防控，已经很努力不出去添乱，我们单位还是防疫重点单位，捐了一个多亿的设备和非常多的工程师，每天都是无休地上班。/**/但真的没有受到一点点的善待。没有人来排查过我们，没有人通知过我们封城，没有人通知我们小区有人感染，没有人通知过小区被封锁禁止出行，没有人告知怎么一次性买回全家一周需要的口粮，没有任何物流可以派送邮寄，也买不到口罩酒精消毒液。/**/你们觉得雪景美吗？我只觉得害怕。因为它意味着病毒存活时间更长，接单的外卖小哥更少，超市补货更慢，我们不是病死就是饿死的几率更高。/**/我也在想好歹我玩微博有手机，如果那天我是从江夏赶到火车站再接到封城通知，也许睡在地下车库二十多天都洗不了澡的就有我一个。也许生死未卜的名单就有我一个。/**/或者在我四五十岁时，再有这样的事，当我不再灵敏不再幸运，就必然会有我一个。/**/今日侥幸的人们，谁又能保证以后不幸中必然不会有你呢？/**/如今还能发微博，至少说明我们还在愤怒还在挣扎和呼号。当我们沉默着却不准备死亡时，那不是更可怕吗。,App Store里能下的买菜app我全下了，不是瞬间约满就是补货中就是临时休息。这是前几天出去超市里的大米。连大米都被抢空，遑论蔬菜了。封城以来更是一次水果没有吃过。<br />我真的觉得大家已经很努力配合疫情防控，已经很努力不出去添乱，我们单位还是防疫重点单位，捐了一个多亿的设备和非常多的工程师，每天都是无休地上班。<br />但真的没有受到一点点的善待。没有人来排查过我们，没有人通知过我们封城，没有人通知我们小区有人感染，没有人通知过小区被封锁禁止出行，没有人告知怎么一次性买回全家一周需要的口粮，没有任何物流可以派送邮寄，也买不到口罩酒精消毒液。<br />你们觉得雪景美吗？我只觉得害怕。因为它意味着病毒存活时间更长，接单的外卖小哥更少，超市补货更慢，我们不是病死就是饿死的几率更高。<br />我也在想好歹我玩微博有手机，如果那天我是从江夏赶到火车站再接到封城通知，也许睡在地下车库二十多天都洗不了澡的就有我一个。也许生死未卜的名单就有我一个。<br />或者在我四五十岁时，再有这样的事，当我不再灵敏不再幸运，就必然会有我一个。<br />今日侥幸的人们，谁又能保证以后不幸中必然不会有你呢？<br />如今还能发微博，至少说明我们还在愤怒还在挣扎和呼号。当我们沉默着却不准备死亡时，那不是更可怕吗。,{},"[{'pid': 'bf206c93ly1gbxmj7pgmzj20m613e78h', 'url': 'https://wx4.sinaimg.cn/orj360/bf206c93ly1gbxmj7pgmzj20m613e78h.jpg', 'size': 'orj360', 'geo': {'width': 360, 'height': 639, 'croped': False}, 'large': {'size': 'large', 'url': 'https://wx4.sinaimg.cn/large/bf206c93ly1gbxmj7pgmzj20m613e78h.jpg', 'geo': {'width': '798', 'height': '1418', 'croped': False}}}]",{},101,0,60,1581916627.475458,昨天 02:11
4472365901808158,3206573203,八荒以后,盒马每天只有晚上十点可以预约买菜，一分钟内小哥就会约满，期间会经历一遍遍“商品库存不足”以至于什么也买不到的情况，也不可能提前加购物车，这么多天了一次菜没买到过@盒马 平台宣传线上买菜加自提，但每家商铺都显示“临时休息”，买不到菜。跑腿代买加到五十都没人接单@饿了么 宣传得好也要真正做得好才行唉,盒马每天只有晚上十点可以预约买菜，一分钟内小哥就会约满，期间会经历一遍遍“商品库存不足”以至于什么也买不到的情况，也不可能提前加购物车，这么多天了一次菜没买到过<a href='/n/盒马'>@盒马</a> 平台宣传线上买菜加自提，但每家商铺都显示“临时休息”，买不到菜。跑腿代买加到五十都没人接单<a href='/n/饿了么'>@饿了么</a> 宣传得好也要真正做得好才行唉,{},{},{},1,0,4,1581916630.712768,02-15
4471808692669791,3206573203,八荒以后,很早就看过，还是决定再转一次。那时候想也许会有这么一天，却从来没想到这一天来得那么快。文艺电影居然真的成了小众小资非主流，可耻可笑又可悲。,很早就看过，还是决定再转一次。那时候想也许会有这么一天，却从来没想到这一天来得那么快。文艺电影居然真的成了小众小资非主流，可耻可笑又可悲。,{},{},"{'id': '4432892198991427', 'content': '笑死，现在豆瓣讨论度最高的短片《法制未来时》，也不知道是谁建得条目，梗超多<span class=""url-icon""><img alt=[允悲] src=""//h5.sinaimg.cn/m/emoticon/icon/default/d_yunbei-9aa3c436a4.png"" style=""width:1em; height:1em;"" /></span><br />原标题“震惊！拍文艺片闷死人上新闻了！导演被抓了！” 导演是北京电影学院毕业的孔大山，一部黑色幽默伪纪录片。  <a data-url=""http://t.cn/Ai1H4vh7"" href=""https://video.weibo.com/show?fid=1034:4432890063199201"" data-hide=""""><span class=\'url-icon\'><img style=\'width: 1rem;height: 1rem\' src=\'https://h5.sinaimg.cn/upload/2015/09/25/3/timeline_card_small_video_default.png\'></span><span class=""surl-text"">黑光乍泄的微博视频</span></a> ', 'user': {'id': 1617566333, 'name': '黑光乍泄'}}",8,0,6,1581916633.900534,02-14
4471585244961379,3206573203,八荒以后,结束了我要疯狂喝奶茶！吃东西！拍照！发朋友圈！,结束了我要疯狂喝奶茶！吃东西！拍照！发朋友圈！,{},{},"{'id': '4471544586116986', 'content': '好久都没喝奶茶了<span class=""url-icon""><img alt=[泪] src=""//h5.sinaimg.cn/m/emoticon/icon/default/d_lei-1b4b02f8b1.png"" style=""width:1em; height:1em;"" /></span> ', 'user': {'id': 6087657768, 'name': '逆翾'}}",1,0,2,1581916639.308279,02-13
4471581483036610,3206573203,八荒以后,我想吃草莓蛋糕！！！,"我想吃草莓蛋糕！！！<span class=""url-icon""><img alt=[泪] src=""//h5.sinaimg.cn/m/emoticon/icon/default/d_lei-1b4b02f8b1.png"" style=""width:1em; height:1em;"" /></span>",{},{},"{'id': '4471540286867126', 'content': '🍓 ꜱᴛʀᴀᴡʙᴇʀʀɪᴇꜱ ', 'user': {'id': 5308120577, 'name': '·黃油蘇餅·'}}",1,0,1,1581916643.619163,02-13
4471554719105492,3206573203,八荒以后,卫生巾也没得买，是要我们女的马桶上坐一个星期吗？ ,卫生巾也没得买，是要我们女的马桶上坐一个星期吗？ ,{},{},{},1,0,5,1581916649.21996,02-13
4471553880032726,3206573203,八荒以后,你妈的这么多天了从来没人来排查，小区也没通知说有人确诊，还是问了几个保安才知道。好几天没下楼家里东西都吃完了，一出门发现被封锁了三天只能出去一个人，去了超市什么蔬菜瓜果米面全被爹爹婆婆们抢完了，周边送菜的全部歇业不开。不病死也饿死了，什么憨批决策执行人，连你妈大米都要囤，真的日你妈。,你妈的这么多天了从来没人来排查，小区也没通知说有人确诊，还是问了几个保安才知道。好几天没下楼家里东西都吃完了，一出门发现被封锁了三天只能出去一个人，去了超市什么蔬菜瓜果米面全被爹爹婆婆们抢完了，周边送菜的全部歇业不开。不病死也饿死了，什么憨批决策执行人，连你妈大米都要囤，真的日你妈。,{},{},{},1,0,8,1581916653.408221,02-13
4471535387877765,3206573203,八荒以后,经济下行了吗。我看美妆博主推荐的口红，热门色号都断货断得很嚣张啊，感觉就还行。 ,经济下行了吗。我看美妆博主推荐的口红，热门色号都断货断得很嚣张啊，感觉就还行。 ,{},{},{},0,0,4,1581916658.563187,02-13
4471462905461010,3206573203,八荒以后,今天看到关注的博主说她离开已经一年了。有人评论，拟结百岁盟。/**/就在想我是不是也有过和谁拟结百岁盟的期盼，我是不是也温柔殷切地爱过谁，是不是也曾经含羞低头又回首，是不是也曾为人风露立中宵。/**/有过吧，只是觉得好遥远。那样鲜明强烈的过往需要多少深刻的爱恨呢？我如今反正是没有了。但是看着别人快乐或者不快乐，都觉得至少这是心怀期盼的结果。至少你还会挣扎着难过。/**/比放弃感受爱恨要好的多。,今天看到关注的博主说她离开已经一年了。有人评论，拟结百岁盟。<br />就在想我是不是也有过和谁拟结百岁盟的期盼，我是不是也温柔殷切地爱过谁，是不是也曾经含羞低头又回首，是不是也曾为人风露立中宵。<br />有过吧，只是觉得好遥远。那样鲜明强烈的过往需要多少深刻的爱恨呢？我如今反正是没有了。但是看着别人快乐或者不快乐，都觉得至少这是心怀期盼的结果。至少你还会挣扎着难过。<br />比放弃感受爱恨要好的多。,{},{},{},1,0,3,1581916661.73588,02-13
4471290737769908,3206573203,八荒以后,我真的超级超级爱苗苗。/**/第一次见到我的时候，他就欢快地跑过来绕着我打转。见不到我会想念我，和他爸语音的时候听到我的声音，他会凑到手机旁边用头去蹭。/**/每次洗澡的时候都要守在门口，我一出门他就欢快地拱起背欢快地跳起来，从房间这头一下窜到那一头。在我难过的时候会一直蹭我，非要在我怀里听到我呼吸平稳了才安心。/**/有时候我会恶作剧轻轻弓起脚背，把他尾巴压住，他也只是往前挪动一下，并不生气。/**/今天给他洗澡的时候压住他脖子，他安静地趴在地上以为我在撸他。想往前走的时候我拽着他的尾巴根，他蹬了蹬后腿，头都没有回。/**/有时候怕他白天睡太多晚上满屋子乱撞，会在他睡觉的时候把冰凉凉的手突然伸到他毛绒绒热乎乎的肚皮下面把他闹醒，他也只是半睁着眼睛看一看我，以为我要同他玩耍，舒服地扬起头要我摸他下巴。/**/有时候他会开心得整个身体扭来扭去，把自己盘成一个爱心，用耳朵那里秃秃的地方蹭我的手。/**/我还爱把脸埋在他的身上蹭来蹭去，他总是一脸“well fine”的表情。/**/不管怎么闹他，他都没有想过张嘴咬人或者伸出爪子，温驯得像一条大狗。/**/但我爱苗苗，不仅仅是因为他爱我。/**/更因为他时刻提醒我要做一个好人。/**/我常在想，苗苗这样无条件地倾倒性地喜欢我，几乎就像婴儿天生对父母的依恋一样。如果子女不爱父母，其实更多的是父母应当反思是不是自己逐渐失去了子女的爱与信任。/**/能够被苗苗喜欢，是我莫大的幸运和幸福。为了保有这份幸福，我要始终温柔善待他，才能不失去苗苗的喜欢。/**/所以因为想一些其他的幸福，才要时刻善待别的人，所以才会时刻这么提醒着自己。/**/正是被苗苗无条件喜欢，才让我始终觉得自己是个不错的人，让我在兵荒马乱里有一些慰藉和退路。/**/苗苗真的是个天使啊。天使在人间可以做到的大概也不过如此了呀。,我真的超级超级爱苗苗。<br />第一次见到我的时候，他就欢快地跑过来绕着我打转。见不到我会想念我，和他爸语音的时候听到我的声音，他会凑到手机旁边用头去蹭。<br />每次洗澡的时候都要守在门口，我一出门他就欢快地拱起背欢快地跳起来，从房间这头一下窜到那一头。在我难过的时候会一直蹭我，非要在我怀里听到我呼吸平稳了才安心。<br />有时候我会恶作剧轻轻弓起脚背，把他尾巴压住，他也只是往前挪动一下，并不生气。<br />今天给他洗澡的时候压住他脖子，他安静地趴在地上以为我在撸他。想往前走的时候我拽着他的尾巴根，他蹬了蹬后腿，头都没有回。<br />有时候怕他白天睡太多晚上满屋子乱撞，会在他睡觉的时候把冰凉凉的手突然伸到他毛绒绒热乎乎的肚皮下面把他闹醒，他也只是半睁着眼睛看一看我，以为我要同他玩耍，舒服地扬起头要我摸他下巴。<br />有时候他会开心得整个身体扭来扭去，把自己盘成一个爱心，用耳朵那里秃秃的地方蹭我的手。<br />我还爱把脸埋在他的身上蹭来蹭去，他总是一脸“well fine”的表情。<br />不管怎么闹他，他都没有想过张嘴咬人或者伸出爪子，温驯得像一条大狗。<br />但我爱苗苗，不仅仅是因为他爱我。<br />更因为他时刻提醒我要做一个好人。<br />我常在想，苗苗这样无条件地倾倒性地喜欢我，几乎就像婴儿天生对父母的依恋一样。如果子女不爱父母，其实更多的是父母应当反思是不是自己逐渐失去了子女的爱与信任。<br />能够被苗苗喜欢，是我莫大的幸运和幸福。为了保有这份幸福，我要始终温柔善待他，才能不失去苗苗的喜欢。<br />所以因为想一些其他的幸福，才要时刻善待别的人，所以才会时刻这么提醒着自己。<br />正是被苗苗无条件喜欢，才让我始终觉得自己是个不错的人，让我在兵荒马乱里有一些慰藉和退路。<br />苗苗真的是个天使啊。天使在人间可以做到的大概也不过如此了呀。,{},"[{'pid': 'bf206c93ly1gbu1l2g2xzj20se0vbgtk', 'url': 'https://wx2.sinaimg.cn/orj360/bf206c93ly1gbu1l2g2xzj20se0vbgtk.jpg', 'size': 'orj360', 'geo': {'width': 360, 'height': 396, 'croped': False}, 'large': {'size': 'large', 'url': 'https://wx2.sinaimg.cn/large/bf206c93ly1gbu1l2g2xzj20se0vbgtk.jpg', 'geo': {'width': '1022', 'height': '1127', 'croped': False}}}]",{},5,0,19,1581916664.917198,02-12
4471267346579438,3206573203,八荒以后,以前我们觉得说“给力”是一种接地气的行为，现在说着“秒懂”的人却把祂当做一种文化自信和政治正确。/**/不谈红色不谈其他，单单从文化的断层上讲，就是一件很让人难过的事情。/**/那天看到很漂亮的秀禾裙襦，不禁感叹本来应当是我们自信地穿着它们走向世界，如今却变成了异类甚至恐怖片特有的形象。/**/就，挺悲哀的。多的也不敢说，说多了难受。,以前我们觉得说“给力”是一种接地气的行为，现在说着“秒懂”的人却把祂当做一种文化自信和政治正确。<br />不谈红色不谈其他，单单从文化的断层上讲，就是一件很让人难过的事情。<br />那天看到很漂亮的秀禾裙襦，不禁感叹本来应当是我们自信地穿着它们走向世界，如今却变成了异类甚至恐怖片特有的形象。<br />就，挺悲哀的。多的也不敢说，说多了难受。,{},{},{},0,0,1,1581916668.220272,02-12
4471264657517198,3206573203,八荒以后,审美的崩坏，和对追求美、追求快乐的羞耻感，如今竟和六十多年前没有什么区别。/**/他问我为什么想出国，我说大概是国内不够美。/**/我们轻视文科，我们只听非此即彼的一种声音，我们把灾难拟人化民众低幼化，我们认为《战狼》好过《霸王别姬》。/**/这种对美和自我意识的捆绑，是文明没落的根源。而有些人深知这一点，所以祂们恐惧这种觉醒。/**/经济发达科技进步板书得再漂亮，人们眼神麻木，终究会让人觉得这一切的追求是一件很空洞的事情啊。,审美的崩坏，和对追求美、追求快乐的羞耻感，如今竟和六十多年前没有什么区别。<br />他问我为什么想出国，我说大概是国内不够美。<br />我们轻视文科，我们只听非此即彼的一种声音，我们把灾难拟人化民众低幼化，我们认为《战狼》好过《霸王别姬》。<br />这种对美和自我意识的捆绑，是文明没落的根源。而有些人深知这一点，所以祂们恐惧这种觉醒。<br />经济发达科技进步板书得再漂亮，人们眼神麻木，终究会让人觉得这一切的追求是一件很空洞的事情啊。,{},{},{},1,3,12,1581916674.408716,02-12
4470904937622939,3206573203,八荒以后,分享图片 ,分享图片 ,{},"[{'pid': 'bf206c93ly1gbstg8a4ugj20hs0lvjxi', 'url': 'https://wx3.sinaimg.cn/orj360/bf206c93ly1gbstg8a4ugj20hs0lvjxi.jpg', 'size': 'orj360', 'geo': {'width': 360, 'height': 442, 'croped': False}, 'large': {'size': 'large', 'url': 'https://wx3.sinaimg.cn/large/bf206c93ly1gbstg8a4ugj20hs0lvjxi.jpg', 'geo': {'width': '640', 'height': '787', 'croped': False}}}]",{},0,2,1,1581916680.822103,02-11
4470846938823387,3206573203,八荒以后,草莓季都快过去了,"草莓季都快过去了<span class=""url-icon""><img alt=[失望] src=""//h5.sinaimg.cn/m/emoticon/icon/default/d_shiwang-7925938d93.png"" style=""width:1em; height:1em;"" /></span>",{},{},"{'id': '4470822795853151', 'content': '想吃草莓蛋糕 ', 'user': {'id': 6087657768, 'name': '逆翾'}}",0,0,1,1581916684.977279,02-11
4470754668007688,3206573203,八荒以后,看着我闲置的美容仪，真觉得不如做医美🤦🏻♀️,看着我闲置的美容仪，真觉得不如做医美🤦🏻♀️,{},{},"{'id': '4467637520239735', 'content': '扒我花了一百万整容？是不是瞎了眼？？老娘用了一百三十万！就先给你们讲个五十万块钱的吧。 ', 'user': {'id': 2185547320, 'name': 'momo酱也是徐老师'}}",3,0,0,1581916691.86883,02-11
4470742114405570,3206573203,八荒以后,转发微博,转发微博,{},{},"{'id': '4470449716831407', 'content': 'pink~ ', 'user': {'id': 6312131003, 'name': 'color_right'}}",1,0,0,1581916697.2683,02-11
4470556386314256,3206573203,八荒以后,之前一直因为各种吊诡的原因没能出去玩，今年终于准备出去玩的时候赶上了疫情，又没出去成。/**/倒不是抱怨没出去成，反而是在想还好没出去，不然就回不来了。感觉挺幸运的。以前也是刚因为没出门而郁闷，后脚就收到了糟糕的消息通知，没出去反而都变成了最好的选择。/**/不过之前每次出去都是很偶然的旅行，所以下次我猜也是一样。,之前一直因为各种吊诡的原因没能出去玩，今年终于准备出去玩的时候赶上了疫情，又没出去成。<br />倒不是抱怨没出去成，反而是在想还好没出去，不然就回不来了。感觉挺幸运的。以前也是刚因为没出门而郁闷，后脚就收到了糟糕的消息通知，没出去反而都变成了最好的选择。<br />不过之前每次出去都是很偶然的旅行，所以下次我猜也是一样。,{},{},{},0,0,0,1581916700.728548,02-10
4469296782886653,3206573203,八荒以后,时刻保持独立思考的能力，时刻质疑，也时刻维护他人发声和质疑的权利。 ,时刻保持独立思考的能力，时刻质疑，也时刻维护他人发声和质疑的权利。 ,{},{},{},0,0,8,1581916705.999324,02-07
4468673769013033,3206573203,八荒以后,窗外渐次开始有鸟鸣声，窗户开一整天也不会冷，反而觉得空气很清新，天上开始有漂亮的云朵和晚霞，像地上的蔷薇开到天上，星空开始有更多的星星。/**/明明是该出门拥抱春风的天气，是该我们牵起爱人的手奔跑的天气，是该一切重新开始的天气。/**/我却有种极度吊诡的哀伤，日日夜夜将我编织在其中，使我难分昼夜，惶恐地虚掷光阴。这哀伤也许是为留不住的爱意，也许是为每天流逝的生命。,窗外渐次开始有鸟鸣声，窗户开一整天也不会冷，反而觉得空气很清新，天上开始有漂亮的云朵和晚霞，像地上的蔷薇开到天上，星空开始有更多的星星。<br />明明是该出门拥抱春风的天气，是该我们牵起爱人的手奔跑的天气，是该一切重新开始的天气。<br />我却有种极度吊诡的哀伤，日日夜夜将我编织在其中，使我难分昼夜，惶恐地虚掷光阴。这哀伤也许是为留不住的爱意，也许是为每天流逝的生命。,{},{},{},0,0,2,1581916710.445657,02-05
4468395418567323,3206573203,八荒以后,鹅妹子嘤！,"鹅妹子嘤！<span class=""url-icon""><img alt=[憧憬] src=""//h5.sinaimg.cn/m/emoticon/icon/default/d_xingxingyan-06a3ca0ae4.png"" style=""width:1em; height:1em;"" /></span>",{},{},"{'id': '4462449518167773', 'content': '被种草的5星好评居家好物合集！<br /><br />真的是超爱看这样的视频，每个都很实用<span class=""url-icon""><img alt=[憧憬] src=""//h5.sinaimg.cn/m/emoticon/icon/default/d_xingxingyan-06a3ca0ae4.png"" style=""width:1em; height:1em;"" /></span>看完全都想买了<span class=""url-icon""><img alt=[抓狂] src=""//h5.sinaimg.cn/m/emoticon/icon/default/d_zhuakuang-fd744b17b5.png"" style=""width:1em; height:1em;"" /></span>  <a data-url=""http://t.cn/A6vY7hv2"" href=""https://video.weibo.com/show?fid=1034:4462448925671435"" data-hide=""""><span class=\'url-icon\'><img style=\'width: 1rem;height: 1rem\' src=\'https://h5.sinaimg.cn/upload/2015/09/25/3/timeline_card_small_video_default.png\'></span><span class=""surl-text"">当时我就震惊了的微博视频</span></a> ', 'user': {'id': 1764222885, 'name': '当时我就震惊了'}}",2,0,4,1581916715.616096,02-04
4468314287823521,3206573203,八荒以后,我：我今天看了霉霉前任那个C字明星的🐔，真是一步到胃！/**/对象：是吗，我不信/**/我：你康！/**/对象：我也可以拍成这样啦/**/我：行，我们拭目以待 ,"我：我今天看了霉霉前任那个C字明星的🐔，真是一步到胃！<br />对象：是吗，我不信<br />我：你康！<br />对象：我也可以拍成这样啦<br />我：行，我们拭目以待<span class=""url-icon""><img alt=[doge] src=""//h5.sinaimg.cn/m/emoticon/icon/others/d_doge-861403219c.png"" style=""width:1em; height:1em;"" /></span> ",{},{},{},0,0,3,1581916722.437914,02-04
4468258373871213,3206573203,八荒以后,我：我现在都不敢乱跳了，奶子甩得好痛。你说大胸们是怎么办的？/**/对象：大胸就要穿bra了啊，更大的还要带钢圈那种，很辛苦。/**/我：你很懂嘛/**/对象：我以前出cos的时候穿过啊。/**/我：我是你的形婚对象吧 ,"我：我现在都不敢乱跳了，奶子甩得好痛。你说大胸们是怎么办的？<br />对象：大胸就要穿bra了啊，更大的还要带钢圈那种，很辛苦。<br />我：你很懂嘛<span class=""url-icon""><img alt=[微笑] src=""//h5.sinaimg.cn/m/emoticon/icon/default/d_hehe-039d0a6a8a.png"" style=""width:1em; height:1em;"" /></span><br />对象：我以前出cos的时候穿过啊。<br />我：<span class=""url-icon""><img alt=[费解] src=""//h5.sinaimg.cn/m/emoticon/icon/default/d_feijie-bac8e40ab4.png"" style=""width:1em; height:1em;"" /></span>我是你的形婚对象吧 ",{},{},{},0,1,1,1581916728.88541,02-04
4467926444842505,3206573203,八荒以后,逃到别的城市就能躲避吗，改了ID就能重新开始吗，你伤害别人的时候有想过自己的罪恶吗，她知道你的大号你的欺骗吗。/**/不好意思，这一次我真的一点也不想放过你。 ,逃到别的城市就能躲避吗，改了ID就能重新开始吗，你伤害别人的时候有想过自己的罪恶吗，她知道你的大号你的欺骗吗。<br />不好意思，这一次我真的一点也不想放过你。 ,{},{},{},0,0,1,1581916735.054312,02-03
4467690599064788,3206573203,八荒以后,我：我小时候好喜欢喝那个棒棒奶/**/对象：多小？/**/我：大概这么高【手比了个暖瓶的高度/**/对象：那时候我已经读初中了/**/我：你不觉得听起来更变态了吗？比如你上大学你女朋友才上小学，你都大学毕业了你女朋友刚上初中这种/**/对象：嘻 ,"我：我小时候好喜欢喝那个棒棒奶<br />对象：多小？<br />我：大概这么高【手比了个暖瓶的高度<br />对象：那时候我已经读初中了<br />我：<span class=""url-icon""><img alt=[doge] src=""//h5.sinaimg.cn/m/emoticon/icon/others/d_doge-861403219c.png"" style=""width:1em; height:1em;"" /></span>你不觉得听起来更变态了吗？比如你上大学你女朋友才上小学，你都大学毕业了你女朋友刚上初中这种<br />对象：嘻<span class=""url-icon""><img alt=[doge] src=""//h5.sinaimg.cn/m/emoticon/icon/others/d_doge-861403219c.png"" style=""width:1em; height:1em;"" /></span> ",{},{},{},0,0,4,1581916740.229653,02-03
4467639818800466,3206573203,八荒以后,我两天没洗头以至于枕头都要翻面睡了，还好意思说我昨天没洗澡的对象臭，于是他现在很急地跑去洗澡了。看他一脸认真的样子就很好笑哈哈哈哈哈哈。 ,我两天没洗头以至于枕头都要翻面睡了，还好意思说我昨天没洗澡的对象臭，于是他现在很急地跑去洗澡了。看他一脸认真的样子就很好笑哈哈哈哈哈哈。 ,{},{},{},0,0,1,1581916743.419522,02-02
4467620567162306,3206573203,八荒以后,我的好闺蜜甜豆沙真的很气人。她写的小故事特别动人，清清冷冷又有克制的深情，人其实也很温柔细腻，我爱极了。我和她之间对文字运用的差距大概隔了至少十个斯斯。/**/但这个女人一不常写，二总是发一些金句俏皮话，看起来非常聒噪且玩世不恭，总想在low fashion里蹚浑水。/**/因此希望看到这条微博的陈女士好好写文，争取日更，虽然我没有付费阅读，但我还是理不直气也壮。,我的好闺蜜甜豆沙真的很气人。她写的小故事特别动人，清清冷冷又有克制的深情，人其实也很温柔细腻，我爱极了。我和她之间对文字运用的差距大概隔了至少十个斯斯。<br />但这个女人一不常写，二总是发一些金句俏皮话，看起来非常聒噪且玩世不恭，总想在low fashion里蹚浑水。<br />因此希望看到这条微博的陈女士好好写文，争取日更，虽然我没有付费阅读，但我还是理不直气也壮。,{},{},{},1,2,1,1581916748.702122,02-02
4467613499855230,3206573203,八荒以后,想想挺神奇的。/**/我对象还没见过我的时候就喜欢上我了，后来我一分手他就开始追我，一开始从来没想过和他会有什么，但俩人莫名其妙就在一起了。/**/又因为一些巧合，我们在一起过了圣诞、元旦、新年，还即将一起过情人节。/**/在此之前，我从来没有也不曾设想过会和谁如此密切地共享这些节日和时光。/**/挺神奇的。,想想挺神奇的。<br />我对象还没见过我的时候就喜欢上我了，后来我一分手他就开始追我，一开始从来没想过和他会有什么，但俩人莫名其妙就在一起了。<br />又因为一些巧合，我们在一起过了圣诞、元旦、新年，还即将一起过情人节。<br />在此之前，我从来没有也不曾设想过会和谁如此密切地共享这些节日和时光。<br />挺神奇的。,{},{},{},1,0,9,1581916754.891373,02-02
4467318933281153,3206573203,八荒以后,,"<span class=""url-icon""><img alt=[失望] src=""//h5.sinaimg.cn/m/emoticon/icon/default/d_shiwang-7925938d93.png"" style=""width:1em; height:1em;"" /></span>",{},{},"{'id': '4467254823479470', 'content': '今天看到的本地的一条，难受。非常时期，不想惹麻烦，隐去全部地名人名。不是求捐助，捐了也寄不过来。只想说，n95一般人真用不上，戴久了也难受，囤得多的朋友，捐给周围的医护，警察，社区入户走访人员等吧，他们可能真的需要。 ', 'user': {'id': 2152144387, 'name': '笨得象狐狸'}}",0,0,0,1581916760.547598,02-02
4467303452496000,3206573203,八荒以后,第一眼以为是油菜花，想着现在未免有些早了。迎春花也是这个颜色啊，多美。是春天的颜色和气味。好想住到乡下，或者自己就变成一株植物，春天发芽，夏天开花，秋天结草籽，冬天慢慢枯萎，每天感受日月星辰的光辉，吹山风饮朝露，人类只是偶尔地路过我，我有自己不可知的快乐。,第一眼以为是油菜花，想着现在未免有些早了。迎春花也是这个颜色啊，多美。是春天的颜色和气味。好想住到乡下，或者自己就变成一株植物，春天发芽，夏天开花，秋天结草籽，冬天慢慢枯萎，每天感受日月星辰的光辉，吹山风饮朝露，人类只是偶尔地路过我，我有自己不可知的快乐。,{},{},"{'id': '4467289644954337', 'content': '下午陪太后去买必需品，路过一片绿地，种的是佛甲草，长势极好，阳光下辉煌灿烂，无忧无虑。<br />我就怂恿太后去摸一下。她把手掌轻轻按在草上揉了一下：“…哇！！”<br />确实很难形容那个手感，并不是茸软的，而是有点像塑料草坪，Q弹，又比塑料要饱满有生机得多。我决定过两天要再去摸一下。 ', 'user': {'id': 1973051631, 'name': '霖与尘'}}",0,0,0,1581916766.877917,02-01
4467237265921011,3206573203,八荒以后,会有那么一天的。,会有那么一天的。,{},{},"{'id': '4466893886902668', 'content': 'Someday or one day ', 'user': {'id': 6087657768, 'name': '逆翾'}}",1,0,0,1581916773.580637,02-01
4467207381480481,3206573203,八荒以后,真好看//@dyingbreath:ig：celestialyouth,"真好看<span class=""url-icon""><img alt=[憧憬] src=""//h5.sinaimg.cn/m/emoticon/icon/default/d_xingxingyan-06a3ca0ae4.png"" style=""width:1em; height:1em;"" /></span>//<a href='/n/dyingbreath'>@dyingbreath</a>:ig：celestialyouth",{},{},"{'id': '4466929970873543', 'content': '在ins上看到一位博主还原动漫里的穿搭！ ', 'user': {'id': 6379988162, 'name': '始発電車'}}",0,0,2,1581916778.049485,02-01
4466959188099703,3206573203,八荒以后,你们买兽药是要给鸡儿吃吗？ ,你们买兽药是要给鸡儿吃吗？ ,{},{},{},0,0,0,1581916782.333873,02-01
4466958332084814,3206573203,八荒以后,原来你姓赵。怪不得这么牛逼 ,"原来你姓赵。怪不得这么牛逼<span class=""url-icon""><img alt=[doge] src=""//h5.sinaimg.cn/m/emoticon/icon/others/d_doge-861403219c.png"" style=""width:1em; height:1em;"" /></span> ",{},{},{},0,0,0,1581916788.513089,02-01
4466926950057573,3206573203,八荒以后,武汉的红十字和慈总要把我气死了，要不是交通封了你们真的会被打死信不信 ,"武汉的红十字和慈总要把我气死了，要不是交通封了你们真的会被打死信不信<span class=""url-icon""><img alt=[拜拜] src=""//h5.sinaimg.cn/m/emoticon/icon/default/d_baibai-71b47dffdc.png"" style=""width:1em; height:1em;"" /></span> ",{},{},{},0,0,2,1581916792.651538,01-31
4466795891284954,3206573203,八荒以后,别个忙的要死你们不派发还要别个去抢？你拍个视频是想要我们顺着你的批脸去打你吗？民间捐助总量至少可以覆盖全武汉各定点医院需求一周吧，为什么协和还没“抢到”？仁爱就抢到了是因为他们比较闲吗？指明捐给协和的你也不给，未必口罩是你生的你舍不得吗？要不是封城你们这些比卵子早被堵了，还敢蹦？,别个忙的要死你们不派发还要别个去抢？你拍个视频是想要我们顺着你的批脸去打你吗？民间捐助总量至少可以覆盖全武汉各定点医院需求一周吧，为什么协和还没“抢到”？仁爱就抢到了是因为他们比较闲吗？指明捐给协和的你也不给，未必口罩是你生的你舍不得吗？要不是封城你们这些比卵子早被堵了，还敢蹦？,{},{},"{'id': '4466758569742680', 'content': '关于昨天开介绍信领物资视频的前因后果，以及协和发出求援后的遭遇。<br /><br />我给大家稍微解释下：<br />1.开介绍信领物资确有其事，这是红会的工作程序，对此我不予置评；<br />2.昨天协和的一线医护发出“物资不是告急，是没有”的消息后，红会的工作人员对此不满，可能是认为协和抹黑了红会物资保障的工作成绩，所以发出图1的视频，让各医院自己开介绍信去领物资；<br />3.图2是她为了证明还有物资，发的第二个视频，也是为了反驳“物资不是告急是没有了”。<br />4.协和工作人员看到红会发出的朋友圈视频后，开好介绍信，赶去领物资。但由于这位工作人员的视频，各大小医院都跑去红会领物资，引发混乱，长江日报和红会“辟谣”。协和再次没赶上，没能凭借介绍信领到物资。<br />这就是前因后果。<br /><br />图3上协和工作人员那句“但是明明之前说别的医院都抢到了”中所透露出的委屈失落，让人难过', 'user': {'id': 1740006833, 'name': '我不是谦哥儿'}}",0,0,0,1581916797.796543,01-31
4466788773570245,3206573203,八荒以后,就你妈十来个人，核查你妈核查，自己是什么黑心烂货自己心里没点逼数，没能力趁早滚蛋让有能力的人做，尸位素餐害人性命简直可恶至极。 ,就你妈十来个人，核查你妈核查，自己是什么黑心烂货自己心里没点逼数，没能力趁早滚蛋让有能力的人做，尸位素餐害人性命简直可恶至极。 ,{},{},{},0,0,1,1581916803.09626,01-31
4466787544436873,3206573203,八荒以后,哈哈哈哈哈哈热评第一笑死,哈哈哈哈哈哈热评第一笑死,{},{},"{'id': '4466736990576364', 'content': '【<a  href=""https://m.weibo.cn/search?containerid=231522type%3D1%26t%3D10%26q%3D%23%E6%B1%9F%E8%8B%8F%E7%9C%81%E5%A7%94%E4%B9%A6%E8%AE%B0%E8%BF%9B%E6%9D%91%E6%A3%80%E6%9F%A5%E8%A2%AB%E6%8B%A6%E4%B8%8B%23&extparam=%23%E6%B1%9F%E8%8B%8F%E7%9C%81%E5%A7%94%E4%B9%A6%E8%AE%B0%E8%BF%9B%E6%9D%91%E6%A3%80%E6%9F%A5%E8%A2%AB%E6%8B%A6%E4%B8%8B%23"" data-hide=""""><span class=""surl-text"">#江苏省委书记进村检查被拦下#</span></a> 大爷的回答有多硬核？】大年初六，江苏省委书记娄勤俭到南京市江宁区汤山街道葛巷村检查疫情，被几位老同志拦住，吃了“闭门羹”。他问：“村里有发热的病人吗？”老同志回答说：“没有！连在外打工的人都没回来。”说完，老同志又连声催促：“如果没什么事，你们早点离开吧。”<a data-url=""http://t.cn/A6PoeMG1"" href=""http://n.miaopai.com/media/ZvK0X02dbVrMFOzr-AnCRkIXR0vFi9HC.htm"" data-hide=""""><span class=\'url-icon\'><img style=\'width: 1rem;height: 1rem\' src=\'https://h5.sinaimg.cn/upload/2015/09/25/3/timeline_card_small_video_default.png\'></span><span class=""surl-text"">荔直播的秒拍视频</span></a>', 'user': {'id': 2803301701, 'name': '人民日报'}}",0,0,0,1581916807.26122,01-31
4466537567626949,3206573203,八荒以后,企业要求提前复工可以举报吗 ,"企业要求提前复工可以举报吗<span class=""url-icon""><img alt=[doge] src=""//h5.sinaimg.cn/m/emoticon/icon/others/d_doge-861403219c.png"" style=""width:1em; height:1em;"" /></span> ",{},{},{},0,5,0,1581916811.786288,01-30
4466486862696045,3206573203,八荒以后,转发微博,转发微博,{},{},"{'id': '4455933151180465', 'content': '我又来了，看到这条微博的朋友们有福了<br /><br />【2020年一整年的房租】我替你出！整年上限八万元，不租房也没事，那就让你体会收租的快乐，每个月钱都会按时打到你卡上！八万块！<br /><br />希望在外地工作or上学的朋友都可以轻松一些，多留一些💰做一些自己喜欢的事情！<br /><br />和大号发的工资和旅游不冲突，谢谢大家天天看我碎碎念，是我的粉就要有好运，转发+关注我就行，没了，新年快乐！ <a data-url=""http://t.cn/A6PSpxnJ"" href=""https://lottery.media.weibo.com/lottery/h5/history/list?mid=4455933151180465"" data-hide=""""><span class=\'url-icon\'><img style=\'width: 1rem;height: 1rem\' src=\'https://h5.sinaimg.cn/upload/2015/09/25/3/timeline_card_small_web_default.png\'></span><span class=""surl-text"">抽奖详情</span></a>', 'user': {'id': 3712498112, 'name': '无敌小羊历险记'}}",1,0,0,1581916816.121411,01-30
4466473806596169,3206573203,八荒以后,爷麻了。10号复工之前要在家里远程工作一周，wdnm ,"爷麻了。10号复工之前要在家里远程工作一周，wdnm<span class=""url-icon""><img alt=[拜拜] src=""//h5.sinaimg.cn/m/emoticon/icon/default/d_baibai-71b47dffdc.png"" style=""width:1em; height:1em;"" /></span> ",{},{},{},0,0,0,1581916822.127997,01-30
4466289743996968,3206573203,八荒以后,看了下你和她的微博，想说祝你劈腿一周年快乐。/**/你还是很容易因为她而不快乐，大概是因为在乎比较多，就好像我在乎你更多。以至于那天看你发了自拍，我看着你的照片，在脑海里细细想起你的眉眼，和你笑起来星辰一样璀璨闪动的目光。忍不住偷偷保存了你的照片再上锁隐藏，新的秘密和我真的喜欢你这些老生常谈的旧话一样。/**/我如今过得很好，但再也不会为谁大喜大悲为谁辗转奔赴。为你还留有一点点心动，至少能证明我曾经爱过。,看了下你和她的微博，想说祝你劈腿一周年快乐。<br />你还是很容易因为她而不快乐，大概是因为在乎比较多，就好像我在乎你更多。以至于那天看你发了自拍，我看着你的照片，在脑海里细细想起你的眉眼，和你笑起来星辰一样璀璨闪动的目光。忍不住偷偷保存了你的照片再上锁隐藏，新的秘密和我真的喜欢你这些老生常谈的旧话一样。<br />我如今过得很好，但再也不会为谁大喜大悲为谁辗转奔赴。为你还留有一点点心动，至少能证明我曾经爱过。,{},{},{},0,0,3,1581916826.421211,01-30
4466053133951508,3206573203,八荒以后,年纪大了，昨天下午做了一次就给我累晕了，直接趴床上睡到凌晨。/**/这个时期真的挺适合做爱的，做完就睡，睡醒了吃两口又做，接着再睡。一天一顿饭，避免了许多过度的交流探索，有氧运动还有利于减肥塑型。 ,年纪大了，昨天下午做了一次就给我累晕了，直接趴床上睡到凌晨。<br />这个时期真的挺适合做爱的，做完就睡，睡醒了吃两口又做，接着再睡。一天一顿饭，避免了许多过度的交流探索，有氧运动还有利于减肥塑型。 ,{},{},{},0,1,6,1581916830.714637,01-29
4465743401690566,3206573203,八荒以后,感谢有洁癖的男朋友，每天抓着我洗头。 ,感谢有洁癖的男朋友，每天抓着我洗头。 ,{},{},{},0,0,1,1581916835.026637,01-28
4465548441941703,3206573203,八荒以后,哈哈哈哈哈哈我裂开了,哈哈哈哈哈哈我裂开了,{},{},"{'id': '4313503647508785', 'content': '<a  href=""https://m.weibo.cn/search?containerid=231522type%3D1%26t%3D10%26q%3D%23%E5%A4%A7%E5%86%85%E6%96%97%E7%9C%81%23"" data-hide=""""><span class=""surl-text"">#大内斗省#</span></a> 【大江苏为什么被称为“大内斗省”，看完这13张地图你就明白了】借刀杀人是我们江苏地区人民常年内斗的心得，比如在苏南和苏北对骂的时候，如果苏北人骂不过了，就问苏南人，苏南哪个城市是第一？剩下的事就不用管了，苏南人会迅速分割为以市为单位的群体，互相攻讦，部分城市甚至会分裂成区级单位！点击链接更精彩  <a data-url=""http://t.cn/EyGhdlK"" href=""https://k.sina.cn/article_2686133475_a01b24e300100e3c9.html?from=news&http=fromhttp"" data-hide=""""><span class=\'url-icon\'><img style=\'width: 1rem;height: 1rem\' src=\'https://h5.sinaimg.cn/upload/2015/09/25/3/timeline_card_small_web_default.png\'></span><span class=""surl-text"">大江苏为什么被称为“大内斗省”，看完这13张地图你就明白了</span></a>（文章来自网上，不代表个人言论！）', 'user': {'id': 2686133475, 'name': '宿迁城事'}}",1,0,2,1581916838.923595,01-28
4464877521727556,3206573203,八荒以后,小名：苗苗/**/大名：苗人凤（因为喜欢从桌肚、腿间和门缝里望人，苗苗瞄人门缝，故得新名：瞄人缝） ,小名：苗苗<br />大名：苗人凤（因为喜欢从桌肚、腿间和门缝里望人，苗苗瞄人门缝，故得新名：瞄人缝） ,{},"[{'pid': 'bf206c93ly1gb9l5mokejj21w01w07wi', 'url': 'https://wx4.sinaimg.cn/orj360/bf206c93ly1gb9l5mokejj21w01w07wi.jpg', 'size': 'orj360', 'geo': {'width': 360, 'height': 360, 'croped': False}, 'large': {'size': 'large', 'url': 'https://wx4.sinaimg.cn/large/bf206c93ly1gb9l5mokejj21w01w07wi.jpg', 'geo': {'width': 2048, 'height': 2048, 'croped': False}}}]",{},0,3,4,1581916845.187332,01-26
4464638861016112,3206573203,八荒以后,好美啊,好美啊,{},{},"{'id': '4463573479169617', 'content': '2020年第一篇PLOG\U0001f973 ', 'user': {'id': 6594939640, 'name': '夏威夷仙人掌沙漠啤酒'}}",0,0,0,1581916851.766569,01-25
4464443829952620,3206573203,八荒以后,和男朋友聊了一些话，感觉好了很多。从疫情建模到物资供应，从社会救济到信息甄别，从疾病传播机制到政治政策，一条条耐心跟我讲跟我分析，带我玩游戏看视频，让我逐渐冷静下来。/**/在灾难面前见人心，他真的是个很好很好的伴侣，而我真幸运。 ,和男朋友聊了一些话，感觉好了很多。从疫情建模到物资供应，从社会救济到信息甄别，从疾病传播机制到政治政策，一条条耐心跟我讲跟我分析，带我玩游戏看视频，让我逐渐冷静下来。<br />在灾难面前见人心，他真的是个很好很好的伴侣，而我真幸运。 ,{},{},{},0,1,6,1581916856.176229,01-25
4464395511876211,3206573203,八荒以后,一边是各个医院呼喊着需要物资捐赠，一边是我们除了捐款外无能为力根本买不到合适的物资。真的又急又心痛 ,"一边是各个医院呼喊着需要物资捐赠，一边是我们除了捐款外无能为力根本买不到合适的物资。真的又急又心痛<span class=""url-icon""><img alt=[悲伤] src=""//h5.sinaimg.cn/m/emoticon/icon/default/d_beishang-f8d6de06c8.png"" style=""width:1em; height:1em;"" /></span> ",{},{},{},0,0,1,1581916861.550202,01-24
4464362062611824,3206573203,八荒以后,反对神化医生，应当还医生合理的工作时间 健全的上升通道 安全的工作环境 体面的社会地位，保障医生的生命、财产安全与尊严。,反对神化医生，应当还医生合理的工作时间 健全的上升通道 安全的工作环境 体面的社会地位，保障医生的生命、财产安全与尊严。,{},{},"{'id': '4464272669328893', 'content': '江苏泰州的医生姜继军过劳逝世了😭所有奋斗在一线的医护人员辛苦了🙏 ', 'user': {'id': 5546443314, 'name': '兔兔总结'}}",0,0,2,1581916865.696871,01-24
4464322199400768,3206573203,八荒以后,回答最右：国家的权利是人民赋予的，我们交税，政府服务，我们监督质疑理所应当。别自我奴化//@尉迟燕窝 :我刚刚被迫自证，但事实上，宪法赋予了公民监督权，我们天然可以问“国家为我做了什么”//@温妮文文-555 :服了，国家都给你免医药费治疗了，你有什么权利质疑国家，就问问你有提供什么援助,回答最右：国家的权利是人民赋予的，我们交税，政府服务，我们监督质疑理所应当。别自我奴化//<a href='/n/尉迟燕窝'>@尉迟燕窝</a> :我刚刚被迫自证，但事实上，宪法赋予了公民监督权，我们天然可以问“国家为我做了什么”//<a href='/n/温妮文文-555'>@温妮文文-555</a> :服了，国家都给你免医药费治疗了，你有什么权利质疑国家，就问问你有提供什么援助,{},{},"{'id': '4463993840258328', 'content': '这次武汉医院缺物资寻求社会援助让我想起寿光洪灾那次，那时的我一边汇总扩散救灾信息，一边在想：为什么会这样，为什么我们行政能力这么强、资源调配能力这么强的国家，在最危机的时候在呼吁民间自力救济？<br />这个疑问没变。 ', 'user': {'id': 5652298665, 'name': '尉迟燕窝'}}",0,0,0,1581916869.131301,01-24
4464303006616289,3206573203,八荒以后,痛仰牛逼！！！【破音,痛仰牛逼！！！【破音,{},{},"{'id': '4464282798056885', 'content': '一方有难，八方支援。我们决定向武汉市新冠肺炎防控指挥部指定账户捐款100万元。虽然数额对于疫情来说只是杯水车薪，但是武汉一直是我们长年巡演最能感受到热血的城市，我们只想尽自己最大的努力，仅此而已。<br /><br />新的一年，过个好年，愿爱无忧！<br /><a data-url=""http://t.cn/A6Py8QUE"" href=""http://163.lu/jqQ691"" data-hide=""""><span class=\'url-icon\'><img style=\'width: 1rem;height: 1rem\' src=\'https://h5.sinaimg.cn/upload/2015/09/25/3/timeline_card_small_web_default.png\'></span><span class=""surl-text"">愿爱无忧</span></a> ', 'user': {'id': 1254762805, 'name': '痛仰乐队'}}",0,0,0,1581916873.000051,01-24
4464251500903953,3206573203,八荒以后,湖北省政府今天终于成立了？,湖北省政府今天终于成立了？,{},{},"{'id': '4464230096713728', 'content': '【<a  href=""https://m.weibo.cn/search?containerid=231522type%3D1%26t%3D10%26q%3D%23%E6%B9%96%E5%8C%97%E5%90%AF%E5%8A%A8%E4%B8%80%E7%BA%A7%E5%93%8D%E5%BA%94%23&extparam=%23%E6%B9%96%E5%8C%97%E5%90%AF%E5%8A%A8%E4%B8%80%E7%BA%A7%E5%93%8D%E5%BA%94%23"" data-hide=""""><span class=""surl-text"">#湖北启动一级响应#</span></a>】针对湖北省当前新型冠状病毒感染的肺炎疫情防控形势，根据《湖北省突发公共卫生事件应急预案》，省新型冠状病毒感染的肺炎疫情防控指挥部决定，启动湖北省重大突发公共卫生事件Ⅰ级响应。 ', 'user': {'id': 2656274875, 'name': '央视新闻'}}",0,0,0,1581916878.554881,01-24
4464227110823921,3206573203,八荒以后,谢谢谢谢谢谢我们这里甚至还有外卖在开，外卖小哥还在配送，真的很想说你们先保证自己的安全吧，我们不乱跑照顾好自己，降低需求，都是一样的生命，你们也要把自己的安全放在首位,"谢谢谢谢谢谢<span class=""url-icon""><img alt=[泪] src=""//h5.sinaimg.cn/m/emoticon/icon/default/d_lei-1b4b02f8b1.png"" style=""width:1em; height:1em;"" /></span>我们这里甚至还有外卖在开，外卖小哥还在配送，真的很想说你们先保证自己的安全吧，我们不乱跑照顾好自己，降低需求，都是一样的生命，你们也要把自己的安全放在首位",{},{},"{'id': '4464039843465721', 'content': '谢谢你们 淘宝天猫上的工厂、商家和生态伙伴们……<br />这两天，<a  href=""https://m.weibo.cn/search?containerid=231522type%3D1%26t%3D10%26q%3D%23%E5%8F%A3%E7%BD%A9%23&isnewpage=1"" data-hide=""""><span class=""surl-text"">#口罩#</span></a>将大家紧紧凝聚到了一起。<br /><br />在我们向商家发出呼吁之后，此时此刻，淘宝天猫上的口罩商家和供货工厂都在忙碌，还有厂家用5倍工资紧急请已经回老家的一线员工返回岗位，赶制出来的口罩正在不分昼夜奔向全国各地。真的感谢你们！<br /><br />为此，阿里巴巴启动应急机制，建立专项工作组，一天之内协调国内商家、厂家超过92家，截至1月22日18时，可统计的口罩现货库存共计4612.2万只；预计年前可继续生产157万只；年后恢复生产，预计日产能1678.9万只。<br /><br />仅20、21日淘宝天猫上就售出8000万只口罩，多地出现货源紧缺。目前，淘宝天猫的商家们，仍在全国各地忙碌着紧急备货。<br /><br />3-5倍工资、放弃婚假、把私家车当货车、昼夜不停找货……为了口罩，工厂和商家们想尽一切办法。<br /><br />福建：94年小伙儿放弃婚假 返回岗位接单发口罩<br /><br />美士恩大药房天猫旗舰店一共有33名员工，往年春节，留下10个人值班就够。今年，随着口罩的需求激增，收到加班通知后，员工们都主动选择回到岗位，投入到保障口罩供应的工作中。一周前刚结婚的94年小伙儿小柳，也放弃了婚假，回到岗位上。<br /><br />“目前公司在岗人数24人，是往年春节的一倍多。”美士恩大药房天猫旗舰店店长王远说。<br /><br />1月21日晚上，淘宝天猫向平台上的商家发出公告，要求所有口罩不涨价。王远立刻把公告转到工作群，“现在是关键时刻，我们的口罩坚决不涨价！“<br /><br />安徽：每天出将近一万口罩 工厂连夜发货<br /><br />在安徽，最近突如其来的订单，让一家卫生材料厂的员工从休假中急速转到全员备战的状态中来。<br /><br />1月19日，该厂在1688平台上的订单开始将近2倍的上升，工厂马上临时找工人加班发货。<br /><br />到1月21日早晨，平台上的订单增速依然没有下降的趋势，每天都要出将近一万个口罩。于是，工厂决定把员工全部召回，开启备战状态。负责人陈燕说：&quot;春节我们打算不休息了，由于最近这两天流感和肺炎事件突发情况，现在整个市场口罩都缺货我们也在紧急调运和生产，希望我们的买家们都能安安心心过个年。&quot;<br /><br />湖北：把私家车变成货运车 找到货源全程跟踪<br /><br />在湖北武汉，疫情最集中的地方，投入备货的时间更早。12月31日，淘宝天猫的商家益生天济已经做了备货，由于天济的商誉较好，厂家也都没有涨价。<br /><br />为了保障供应，益生天济大药房连锁有限公司全员轮班寻找货源，找到货源后益生天济全程跟踪，“如果厂家无货运车辆，就用我们自己的车，保证后继货源在春节期间补充到位”！<br /><br />湖北：“我们还有很多货要送，我不能走～”<br /><br />在武汉，有个配送员小哥哥叫陈萌，是武汉盘龙城站的丹鸟配送员，他们的站点距离华南批发市场不到10公里；今天他姐姐电话他说：赶紧回来吧，我们一起走，再不走就出不了城了！小哥哥回答：我们很多货要送，我不能走~<br /><br />四川：口罩工厂紧急复工 逐一打电话 3-5倍工资召回工人<br /><br />给淘宝天猫供货的恒明医药有很多一线员工都是来自农村，原本已经提前放假。前天，工厂决定紧急复工，由厂长跟每个一线员工沟通，给到3-5倍的工资保障，交通和食宿等费用公司也都是全额报销，让工人们尽可能地返回岗位及时满足市面上对口罩的需求。<br /><br />恒明医药总经理廖佳明是个90后，他说：“我们是工厂，现在是特殊阶段，第一是要满足市场端的供应，而不是进行提价和增加利润，这也是我们企业的准则，也是一个企业该有的民族精神。”<br /><br />深圳：门店不歇业 “我已经退票了！”<br /><br />“我已经退票了，春节可以值班”、“我也可以”……在深圳海王星辰医药公司，当口罩的订单量出现持续增长后，公司马上召开紧急会议：安排轮休制度，门店不歇业，全面协调货源，最大程度满足顾客需求！<br /><br />为保证口罩等抗流感品种最快到达门店，公司也发动有车的员工参与配送货，保证仓库一到货就尽快下货到门店。同时，与阿里健康等第三方平台全力配合，通过O2O与中心仓发货，最大程度上保证客户需求。<br /><br />为保证春节期间正常营，公司已经安排轮休制度，门店不歇业，很多员工已经退了回家车票，留下来奋斗在一线。职能部门上班到年三十，同时也随时做好取消休假的准备！<br /><br />浙江：“恨不得睡在集装箱上 守住货”<br /><br />天猫超市的一个小二开车去浙江建德买口罩，上午厂商说还有600箱口罩，下午开车到那边，被抢得只剩下300箱。欲哭无泪的小二说，恨不得拿着羽绒被睡在后面的口罩集装箱上。<br /><br />多地：“货不过来，我们过去！”<br /><br />与此同时，为了应对天猫超市补货口罩过程中物流困难及货源问题，菜鸟派出近10辆加长大车，去云南、北京等地彻夜提货。在补充口罩供应这件事上，天猫超市携手菜鸟：只要有货，我们就主动上门提，货过不来，我们过去！<br /><br />北京：商家主动为医院捐赠100箱口罩<br /><br />在北京，还有一个不愿意公开名字的商家，主动将100箱N95口罩赠送给北京某医院救急，受赠医院负责人表示：“博施于医而济众，必也圣乎！病毒肆虐，国和民都需要有社会责任感的企业成为中流砥柱。”<br /><br />感谢所有自发加入这场战役的工厂、商家、快递员和配送员们。尽管多地口罩已紧缺，大家依然在努力！感谢所有朋友们对我们的谅解和支持。记得千万要戴好口罩，保护好自己，才能一起帮助更多的人。我们一起加油挺过去！', 'user': {'id': 6175792979, 'name': '千牛头条'}}",0,0,0,1581916885.089276,01-24
4464224744544154,3206573203,八荒以后,我也想捐昨天晚上看到医护人员回不去也没有防护物资急得直哭，但是自己根本联系不上做不了什么。希望可以有通道直接对接医护或者酒店，我不信任狗屁慈善基金会之类的组织,"我也想捐<span class=""url-icon""><img alt=[失望] src=""//h5.sinaimg.cn/m/emoticon/icon/default/d_shiwang-7925938d93.png"" style=""width:1em; height:1em;"" /></span>昨天晚上看到医护人员回不去也没有防护物资急得直哭，但是自己根本联系不上做不了什么。希望可以有通道直接对接医护或者酒店，我不信任狗屁慈善基金会之类的组织",{},{},"{'id': '4464190531823498', 'content': '最近转了很多武汉的事，也看到很多武汉医护人员奋战的新闻，又是感佩，又心疼，除了网上声援之外，我特别想为他们减轻哪怕一点点负担，至少能稍微帮到一些实质的忙，<br /><br />可眼下这个情况，个人能做的事情实在不多。家里没囤专业装备，生活物资倒是可以买，但也运不进去，这时候不能瞎添乱。我想干脆捐钱吧，网上渠道，不用接触。可这会儿钱不是最关键的，目前似乎也没有直接的捐款渠道。于是我联络了我一个身在武汉的朋友。（见图一），问她能不能联络到一些熟悉的医生或护士，问问看怎样才能帮到一点忙。只要能确认是在一线忙碌的医护人员，我直接打钱给他们好了。<br /><br />不得不说，武汉的广大医护人员真是好样的。我朋友用微辛和手机联系了好几个医院的熟人，所有人都表示心领，但谢绝了个人捐款，纷纷表示医院急缺物资，暂时顾不上考虑个人的事情。<br /><br />确实，这么打过去有点楞。我有点不甘心，通过朋友探讨，看到底怎样才能既真正帮到他们又不让人为难。反复商量之后，一位医生给了一个特别好的建议。<br /><br />现在很多医护人员往返医院和家里很不方便，不光疲惫不堪，也容易增加传染概率。医院虽然准备了集体宿舍和临时床位，舒适度毕竟有限。而且很多休息区，都被他们主动让出来给病人了<span class=""url-icon""><img alt=[泪] src=""//h5.sinaimg.cn/m/emoticon/icon/default/d_lei-1b4b02f8b1.png"" style=""width:1em; height:1em;"" /></span>。医护人员不计个人安危，令人感动，可体力消耗确实实打实的。他们太需要休息了。<br /><br />所以我通过当地朋友联络上了一家医院，确认该院的一线医护人员存在这个困扰。我先打给了朋友两万块钱，拜托她在距离医院最近的酒店订一批房间，用对方提供的医护人员名字。他们如果需要休息，可以直接带身份证去办理入住，好歹能睡个安稳觉，洗个澡什么的。这笔钱会一直持续支付下去，如果不够我会继续补，直到武汉回归正常为止。（问过专业人士，从防疫角度，这么做至少比往返家里单位要安全。最近酒店都挺空的……）<br /><br />令我热泪盈眶的是，这些医护听说可以去酒店休息后，第一个反应不是高兴，而是不好意思，念叨着自己也该承担一部分费用才行。真的，有这么多这样的人支撑，我相信武汉不会有事。<br /><br />今天是年三十，太多医护人员已经忘了过年，忘了自己。但我们不能忘了他们。个人力量有限，只能力所能及地帮助一个医院的一个科室解决一点休息问题。这是目前我唯一能做的了。<br /><br />祝每一位奋斗在一线的医护人员新春快乐，身体健康，平平安安。你们的付出，我们都记得，并且心存感激。<br /><br />（聊天记录有点乱，有的是我跟朋友，有的是朋友跟她朋友的，有的是负责对接的人和一线人员的。我担心给他们添各种意义上的麻烦，所有信息都做了马赛克处理。等到这件事告一段落，再酌情透露吧。）', 'user': {'id': 1444865141, 'name': '马伯庸'}}",0,0,0,1581916889.585361,01-24
4464102782760958,3206573203,八荒以后,医护人员防护服穿了5次，舍生忘死地治病救人，你省领导班子搞团拜会。我他妈还以为自己活在清朝呢 ,"医护人员防护服穿了5次，舍生忘死地治病救人，你省领导班子搞团拜会。我他妈还以为自己活在清朝呢<span class=""url-icon""><img alt=[怒] src=""//h5.sinaimg.cn/m/emoticon/icon/default/d_nu-54e54e160b.png"" style=""width:1em; height:1em;"" /></span> ",{},{},{},0,0,4,1581916895.098507,01-24
4463893164243156,3206573203,八荒以后,我昨天就在考虑这个问题，住得远的医生怎么办，回不去的医生怎么办，让医生们奋战到死才感人吗。结果还有一群人喷我说武汉不封城就是在发射病毒，政府肯定有办法，有个屁的办法。那些人一边给陶医生点赞神化医护人员鼓吹牺牲，一边旁观着医护人员累死累活没人提出方案也没人亲自上场，真的可恶,我昨天就在考虑这个问题，住得远的医生怎么办，回不去的医生怎么办，让医生们奋战到死才感人吗。结果还有一群人喷我说武汉不封城就是在发射病毒，政府肯定有办法，有个屁的办法。那些人一边给陶医生点赞神化医护人员鼓吹牺牲，一边旁观着医护人员累死累活没人提出方案也没人亲自上场，真的可恶,{},{},"{'id': '4463879939258205', 'content': '【武汉公共交通暂停运营后，<a  href=""https://m.weibo.cn/search?containerid=231522type%3D1%26t%3D10%26q%3D%23%E5%8C%BB%E6%8A%A4%E4%BA%BA%E5%91%98%E5%8F%8D%E6%98%A0%E5%B7%A5%E4%BD%9C%E6%89%80%E9%9C%80%E5%87%BA%E8%A1%8C%E9%81%87%E5%88%B0%E5%9B%B0%E9%9A%BE%23&extparam=%23%E5%8C%BB%E6%8A%A4%E4%BA%BA%E5%91%98%E5%8F%8D%E6%98%A0%E5%B7%A5%E4%BD%9C%E6%89%80%E9%9C%80%E5%87%BA%E8%A1%8C%E9%81%87%E5%88%B0%E5%9B%B0%E9%9A%BE%23"" data-hide=""""><span class=""surl-text"">#医护人员反映工作所需出行遇到困难#</span></a>】据环球时报湖北特派记者了解，有一线医务工作者反映，受武汉市城市公交、地铁、轮渡暂停运营影响，部分平时依赖公共交通上下班的医务工作者出现无法正常上班的情况，只能通过步行，电动车出行的方式前往医院，一些的士司机听说乘客目的地是医院，纷纷表示拒载。确保一线医务工作者的正常出行成为一个亟待解决的问题。', 'user': {'id': 1974576991, 'name': '环球时报'}}",0,0,3,1581916899.253908,01-23
4463847005584975,3206573203,八荒以后,/**//**/你他妈怎么不来给我们送口罩送物资，隔着屏幕你说你妈呢，你怎么知道政府送？你代表武汉市政府了？傻逼东西你妈今晚biss ,"<a data-url=""http://t.cn/A6PhT4Fq"" href=""https://weibo.com/u/5996973692"" data-hide=""""><span class='url-icon'><img style='width: 1rem;height: 1rem' src='https://h5.sinaimg.cn/upload/2015/09/25/3/timeline_card_small_web_default.png'></span><span class=""surl-text"">网页链接</span></a><br /><a data-url=""http://t.cn/A6PhT4F5"" href=""https://weibo.com/u/6995971532"" data-hide=""""><span class='url-icon'><img style='width: 1rem;height: 1rem' src='https://h5.sinaimg.cn/upload/2015/09/25/3/timeline_card_small_web_default.png'></span><span class=""surl-text"">网页链接</span></a><br />你他妈怎么不来给我们送口罩送物资，隔着屏幕你说你妈呢，你怎么知道政府送？你代表武汉市政府了？傻逼东西你妈今晚biss ",{},"[{'pid': 'bf206c93ly1gb6arj0qprj20hs0uhadd', 'url': 'https://wx3.sinaimg.cn/orj360/bf206c93ly1gb6arj0qprj20hs0uhadd.jpg', 'size': 'orj360', 'geo': {'width': 360, 'height': 617, 'croped': False}, 'large': {'size': 'large', 'url': 'https://wx3.sinaimg.cn/large/bf206c93ly1gb6arj0qprj20hs0uhadd.jpg', 'geo': {'width': '640', 'height': '1097', 'croped': False}}}, {'pid': 'bf206c93ly1gb6arjc4f6j20hs0uhad3', 'url': 'https://wx3.sinaimg.cn/orj360/bf206c93ly1gb6arjc4f6j20hs0uhad3.jpg', 'size': 'orj360', 'geo': {'width': 360, 'height': 617, 'croped': False}, 'large': {'size': 'large', 'url': 'https://wx3.sinaimg.cn/large/bf206c93ly1gb6arjc4f6j20hs0uhad3.jpg', 'geo': {'width': '640', 'height': '1097', 'croped': False}}}]",{},0,0,1,1581916906.148692,01-23
4463764676326976,3206573203,八荒以后,转我微博喷我的和喷弦子的都是同一种臭傻逼。你们这些站在高地上自私自利还满口道理的精致利己主义者，我他妈和你们说最后一遍：/**//**/我们不反对封城！我们也不稀得乱窜！我们在他妈的问武汉市政府切断市内交通，供给怎么办！/**/你们满口仁义道德要我们为你们着想，你们为我们这些可能断水断电断粮的人想过吗？你们有解决办法吗？一句“相信政府”有用吗，事已至此武汉市政府有公信力吗？/**//**/你们看不懂中国字来这里逼逼你妈呢？好言好语从十几条微博前就在讨论“临时被阻断在城内没有囤货生存难以为继该怎么办”，一直跟我纠结不封城让你们死了怎么办，我看就你们这阅读理解能力死了和活着也没有什么区别。/**//**/关闭评论就是不想听你们叽叽歪歪比比赖赖，结果还非要转我微博跟我犟，你他妈这么怕死就早点睡，别没得肺炎先脑梗而亡了。,转我微博喷我的和喷弦子的都是同一种臭傻逼。你们这些站在高地上自私自利还满口道理的精致利己主义者，我他妈和你们说最后一遍：<br /><br />我们不反对封城！我们也不稀得乱窜！我们在他妈的问武汉市政府切断市内交通，供给怎么办！<br />你们满口仁义道德要我们为你们着想，你们为我们这些可能断水断电断粮的人想过吗？你们有解决办法吗？一句“相信政府”有用吗，事已至此武汉市政府有公信力吗？<br /><br />你们看不懂中国字来这里逼逼你妈呢？好言好语从十几条微博前就在讨论“临时被阻断在城内没有囤货生存难以为继该怎么办”，一直跟我纠结不封城让你们死了怎么办，我看就你们这阅读理解能力死了和活着也没有什么区别。<br /><br />关闭评论就是不想听你们叽叽歪歪比比赖赖，结果还非要转我微博跟我犟，你他妈这么怕死就早点睡，别没得肺炎先脑梗而亡了。,{},{},{},1,0,9,1581916911.518735,01-23
4463750801262181,3206573203,八荒以后,我们同意武汉封城，包括我和很多同事们没有放假之前已经决定了不回家。但现在问题是，凌晨通知阻断市内交通而没有给出解决方案，那整个城市如何运转？十点的新闻发布会没有通知，那是不是意味着在凌晨统计人数时发现实际事态已经远远超出控制？/**/现在完全睡不着，握着手机隔几分钟刷新一次，等天亮买一些食物就打算在家里不出门了。可是如果水电气通信系统的工作人员因为交通阻断无法上班，那真的无法想象会发生什么。,我们同意武汉封城，包括我和很多同事们没有放假之前已经决定了不回家。但现在问题是，凌晨通知阻断市内交通而没有给出解决方案，那整个城市如何运转？十点的新闻发布会没有通知，那是不是意味着在凌晨统计人数时发现实际事态已经远远超出控制？<br />现在完全睡不着，握着手机隔几分钟刷新一次，等天亮买一些食物就打算在家里不出门了。可是如果水电气通信系统的工作人员因为交通阻断无法上班，那真的无法想象会发生什么。,{},{},{},6,0,22,1581916916.154943,01-23
4463721415543427,3206573203,八荒以后,讽刺。 ,讽刺。 ,{},"[{'pid': 'bf206c93ly1gb5wfed1i2j20hs0eijym', 'url': 'https://wx3.sinaimg.cn/orj360/bf206c93ly1gb5wfed1i2j20hs0eijym.jpg', 'size': 'orj360', 'geo': {'width': 331, 'height': 270, 'croped': False}, 'large': {'size': 'large', 'url': 'https://wx3.sinaimg.cn/large/bf206c93ly1gb5wfed1i2j20hs0eijym.jpg', 'geo': {'width': '640', 'height': '522', 'croped': False}}}, {'pid': 'bf206c93ly1gb5wfekfmgj20hs0oi0z8', 'url': 'https://wx4.sinaimg.cn/orj360/bf206c93ly1gb5wfekfmgj20hs0oi0z8.jpg', 'size': 'orj360', 'geo': {'width': 360, 'height': 496, 'croped': False}, 'large': {'size': 'large', 'url': 'https://wx4.sinaimg.cn/large/bf206c93ly1gb5wfekfmgj20hs0oi0z8.jpg', 'geo': {'width': '640', 'height': '882', 'croped': False}}}]",{},0,0,0,1581916919.333752,01-23
4463690344848776,3206573203,八荒以后,吃野味的真一辈子不孕不育儿孙满堂；/**/武汉市政府相关领导到底能下台几个。 ,吃野味的真一辈子不孕不育儿孙满堂；<br />武汉市政府相关领导到底能下台几个。 ,{},{},{},0,0,7,1581916922.890509,01-23
4463524371919958,3206573203,八荒以后,昨天和朋友讨论了一下收到的辱骂和诅咒，其中有一部分是说我雌雄莫辨和人称兄道弟不知道是男是女怎么会有人喜欢（大概是这个意思我没仔细看/**//**/我们都觉得很悲哀。/**//**/身为一名女性，认为最能够攻击到另一名女性的是她不够清晰突出且符合传统观念下的性特征，认为一名女性“不够女人”是可耻的伤人的，在人们努力追求多元化的美、多元化的性格甚至多元化的性别时，居然有人还主动给自己的思想缠上裹脚布。/**//**/如果你们认为一名女性不够女人是值得攻击的，那你们同样会在男性话语权的社会里不断自我阉割。他们说女人就该相夫教子，他们说女人就该做家务，他们说女人就该做饭好吃一定要生出儿子，你们不在这件事上妥协，也会在其他事上妥协。每当你们想要反抗的时候，他们就会说“你是男是女啊，有没有一点女人的样子？”/**//**/你们所抱持的“女人就该有女人的样子”的观点毒害不到我和我的朋友们，却会毒害到自己甚至下一代。也许你们的儿子会认为女人就该做家务，也许你们的女儿会认为女人应该依附于男人。/**/这才是我从那些咒骂里感到最悲哀的事情。,昨天和朋友讨论了一下收到的辱骂和诅咒，其中有一部分是说我雌雄莫辨和人称兄道弟不知道是男是女怎么会有人喜欢（大概是这个意思我没仔细看<br /><br />我们都觉得很悲哀。<br /><br />身为一名女性，认为最能够攻击到另一名女性的是她不够清晰突出且符合传统观念下的性特征，认为一名女性“不够女人”是可耻的伤人的，在人们努力追求多元化的美、多元化的性格甚至多元化的性别时，居然有人还主动给自己的思想缠上裹脚布。<br /><br />如果你们认为一名女性不够女人是值得攻击的，那你们同样会在男性话语权的社会里不断自我阉割。他们说女人就该相夫教子，他们说女人就该做家务，他们说女人就该做饭好吃一定要生出儿子，你们不在这件事上妥协，也会在其他事上妥协。每当你们想要反抗的时候，他们就会说“你是男是女啊，有没有一点女人的样子？”<br /><br />你们所抱持的“女人就该有女人的样子”的观点毒害不到我和我的朋友们，却会毒害到自己甚至下一代。也许你们的儿子会认为女人就该做家务，也许你们的女儿会认为女人应该依附于男人。<br />这才是我从那些咒骂里感到最悲哀的事情。,{},{},{},1,0,9,1581916927.357228,01-22
4463211648980089,3206573203,八荒以后,就这骂人水平…实在不值得我亲自下场。/**/不好意思今天刷屏打扰了首页各位，这也是我多年来一直关闭评论的原因。虽然因此屏蔽了很多善意，但怕的就是这种恶意一下就可以摧毁你们带来和建立的所有温柔。/**/不仅是武汉人民，每一条生命的权利都应当被保护，没有人应当为其他人牺牲。 ,就这骂人水平…实在不值得我亲自下场。<br />不好意思今天刷屏打扰了首页各位，这也是我多年来一直关闭评论的原因。虽然因此屏蔽了很多善意，但怕的就是这种恶意一下就可以摧毁你们带来和建立的所有温柔。<br />不仅是武汉人民，每一条生命的权利都应当被保护，没有人应当为其他人牺牲。 ,{},"[{'pid': 'bf206c93ly1gb49vypbc3j20hs0vk13c', 'url': 'https://wx4.sinaimg.cn/orj360/bf206c93ly1gb49vypbc3j20hs0vk13c.jpg', 'size': 'orj360', 'geo': {'width': 360, 'height': 639, 'croped': False}, 'large': {'size': 'large', 'url': 'https://wx4.sinaimg.cn/large/bf206c93ly1gb49vypbc3j20hs0vk13c.jpg', 'geo': {'width': '640', 'height': '1136', 'croped': False}}}, {'pid': 'bf206c93ly1gb49vy9aamj20hs0vkn6x', 'url': 'https://wx4.sinaimg.cn/orj360/bf206c93ly1gb49vy9aamj20hs0vkn6x.jpg', 'size': 'orj360', 'geo': {'width': 360, 'height': 639, 'croped': False}, 'large': {'size': 'large', 'url': 'https://wx4.sinaimg.cn/large/bf206c93ly1gb49vy9aamj20hs0vkn6x.jpg', 'geo': {'width': '640', 'height': '1136', 'croped': False}}}, {'pid': 'bf206c93ly1gb49vzcb8dj20hs0vkakq', 'url': 'https://wx3.sinaimg.cn/orj360/bf206c93ly1gb49vzcb8dj20hs0vkakq.jpg', 'size': 'orj360', 'geo': {'width': 360, 'height': 639, 'croped': False}, 'large': {'size': 'large', 'url': 'https://wx3.sinaimg.cn/large/bf206c93ly1gb49vzcb8dj20hs0vkakq.jpg', 'geo': {'width': '640', 'height': '1136', 'croped': False}}}, {'pid': 'bf206c93ly1gb49vzx42jj20hs0vkwpx', 'url': 'https://wx1.sinaimg.cn/orj360/bf206c93ly1gb49vzx42jj20hs0vkwpx.jpg', 'size': 'orj360', 'geo': {'width': 360, 'height': 639, 'croped': False}, 'large': {'size': 'large', 'url': 'https://wx1.sinaimg.cn/large/bf206c93ly1gb49vzx42jj20hs0vkwpx.jpg', 'geo': {'width': '640', 'height': '1136', 'croped': False}}}]",{},0,1,1,1581916933.809949,01-21
4463209434553539,3206573203,八荒以后,/**/截图不是为了挂你们，是为了方便起诉。 ,"<a data-url=""http://t.cn/EbVHAjT"" href=""https://weibo.com/u/5454329627"" data-hide=""""><span class='url-icon'><img style='width: 1rem;height: 1rem' src='https://h5.sinaimg.cn/upload/2015/09/25/3/timeline_card_small_web_default.png'></span><span class=""surl-text"">网页链接</span></a><br />截图不是为了挂你们，是为了方便起诉。 ",{},{},{},0,0,1,1581916939.147197,01-21
4463208809094275,3206573203,八荒以后,/**//**/求人挂你。好的 ,"<a data-url=""http://t.cn/A6vB1YWl"" href=""https://weibo.com/u/3968736430"" data-hide=""""><span class='url-icon'><img style='width: 1rem;height: 1rem' src='https://h5.sinaimg.cn/upload/2015/09/25/3/timeline_card_small_web_default.png'></span><span class=""surl-text"">网页链接</span></a><br /><a data-url=""http://t.cn/AiTqWTRM"" href=""https://weibo.com/u/6259329795"" data-hide=""""><span class='url-icon'><img style='width: 1rem;height: 1rem' src='https://h5.sinaimg.cn/upload/2015/09/25/3/timeline_card_small_web_default.png'></span><span class=""surl-text"">网页链接</span></a><br />求人挂你。好的<span class=""url-icon""><img alt=[ok] src=""//h5.sinaimg.cn/m/emoticon/icon/others/h_ok-4bd9b83e8e.png"" style=""width:1em; height:1em;"" /></span> ",{},"[{'pid': 'bf206c93ly1gb49jybx3yj20hs0vkn6x', 'url': 'https://wx3.sinaimg.cn/orj360/bf206c93ly1gb49jybx3yj20hs0vkn6x.jpg', 'size': 'orj360', 'geo': {'width': 360, 'height': 639, 'croped': False}, 'large': {'size': 'large', 'url': 'https://wx3.sinaimg.cn/large/bf206c93ly1gb49jybx3yj20hs0vkn6x.jpg', 'geo': {'width': '640', 'height': '1136', 'croped': False}}}]",{},0,0,1,1581916943.340609,01-21
4463208108312713,3206573203,八荒以后,不回你们是因为我在赚钱，时薪很高，骂你们需要收费。/**/人之所以敢网络暴力，很多时候是因为面对面骂人会被揍。/**/我从来不喜欢和小米用户计较，因为你们生活本身已经很苦。但不代表我不会保留证据，用于心情不好时起诉之用。 ,不回你们是因为我在赚钱，时薪很高，骂你们需要收费。<br />人之所以敢网络暴力，很多时候是因为面对面骂人会被揍。<br />我从来不喜欢和小米用户计较，因为你们生活本身已经很苦。但不代表我不会保留证据，用于心情不好时起诉之用。 ,{},"[{'pid': 'bf206c93ly1gb49enfz98j20hs0vkqsn', 'url': 'https://wx4.sinaimg.cn/orj360/bf206c93ly1gb49enfz98j20hs0vkqsn.jpg', 'size': 'orj360', 'geo': {'width': 360, 'height': 639, 'croped': False}, 'large': {'size': 'large', 'url': 'https://wx4.sinaimg.cn/large/bf206c93ly1gb49enfz98j20hs0vkqsn.jpg', 'geo': {'width': '640', 'height': '1136', 'croped': False}}}, {'pid': 'bf206c93ly1gb49emizt9j20hs0vkkh4', 'url': 'https://wx1.sinaimg.cn/orj360/bf206c93ly1gb49emizt9j20hs0vkkh4.jpg', 'size': 'orj360', 'geo': {'width': 360, 'height': 639, 'croped': False}, 'large': {'size': 'large', 'url': 'https://wx1.sinaimg.cn/large/bf206c93ly1gb49emizt9j20hs0vkkh4.jpg', 'geo': {'width': '640', 'height': '1136', 'croped': False}}}, {'pid': 'bf206c93ly1gb49eodv1uj20hs0vk4og', 'url': 'https://wx4.sinaimg.cn/orj360/bf206c93ly1gb49eodv1uj20hs0vk4og.jpg', 'size': 'orj360', 'geo': {'width': 360, 'height': 639, 'croped': False}, 'large': {'size': 'large', 'url': 'https://wx4.sinaimg.cn/large/bf206c93ly1gb49eodv1uj20hs0vk4og.jpg', 'geo': {'width': '640', 'height': '1136', 'croped': False}}}, {'pid': 'bf206c93ly1gb49flcuxrj20hs0vkk1x', 'url': 'https://wx3.sinaimg.cn/orj360/bf206c93ly1gb49flcuxrj20hs0vkk1x.jpg', 'size': 'orj360', 'geo': {'width': 360, 'height': 639, 'croped': False}, 'large': {'size': 'large', 'url': 'https://wx3.sinaimg.cn/large/bf206c93ly1gb49flcuxrj20hs0vkk1x.jpg', 'geo': {'width': '640', 'height': '1136', 'croped': False}}}, {'pid': 'bf206c93ly1gb49fkq69sj20hs0vkwnt', 'url': 'https://wx3.sinaimg.cn/orj360/bf206c93ly1gb49fkq69sj20hs0vkwnt.jpg', 'size': 'orj360', 'geo': {'width': 360, 'height': 639, 'croped': False}, 'large': {'size': 'large', 'url': 'https://wx3.sinaimg.cn/large/bf206c93ly1gb49fkq69sj20hs0vkwnt.jpg', 'geo': {'width': '640', 'height': '1136', 'croped': False}}}]",{},0,0,0,1581916946.542843,01-21
4463204082012834,3206573203,八荒以后,骂完就拉黑？胆子也太小了吧🤷🏼♀️/**/不好意思我们这最多的就是医疗资源，设备都是国内最顶尖的，当然不用和你们去挤啦。嘻嘻嘻气不气/**/看你的样子估计为国家做出的效益还没我多，你活着可能还在浪费我交的税，我都没骂你这种活蛆你怕个卵？ ,"骂完就拉黑？胆子也太小了吧🤷🏼♀️<br />不好意思我们这最多的就是医疗资源，设备都是国内最顶尖的，当然不用和你们去挤啦。嘻嘻嘻气不气<span class=""url-icon""><img alt=[太开心] src=""//h5.sinaimg.cn/m/emoticon/icon/default/d_taikaixin-97bd3f82d6.png"" style=""width:1em; height:1em;"" /></span><br />看你的样子估计为国家做出的效益还没我多，你活着可能还在浪费我交的税，我都没骂你这种活蛆你怕个卵？ ",{},"[{'pid': 'bf206c93ly1gb48x5xtv6j20hs0vk4og', 'url': 'https://wx1.sinaimg.cn/orj360/bf206c93ly1gb48x5xtv6j20hs0vk4og.jpg', 'size': 'orj360', 'geo': {'width': 360, 'height': 639, 'croped': False}, 'large': {'size': 'large', 'url': 'https://wx1.sinaimg.cn/large/bf206c93ly1gb48x5xtv6j20hs0vk4og.jpg', 'geo': {'width': '640', 'height': '1136', 'croped': False}}}, {'pid': 'bf206c93ly1gb48x53njrj20hs0ujgtx', 'url': 'https://wx2.sinaimg.cn/orj360/bf206c93ly1gb48x53njrj20hs0ujgtx.jpg', 'size': 'orj360', 'geo': {'width': 360, 'height': 618, 'croped': False}, 'large': {'size': 'large', 'url': 'https://wx2.sinaimg.cn/large/bf206c93ly1gb48x53njrj20hs0ujgtx.jpg', 'geo': {'width': '640', 'height': '1099', 'croped': False}}}]",{},0,0,1,1581916951.805722,01-21
4463202832017162,3206573203,八荒以后,宁可错杀一千不可放过一个，这种歹毒且冷漠，事不关己只会嘴炮的人也配说别人脏？/**/即使我们经过检疫消毒也不允许放过？/**/我们可以不走，但我们的吃喝生死谁管？你那么伟大要不来疫区送温暖和我们一起欢度佳节？/**/之前没看到拿火车的举例子你今天就看到了，武汉没有感染的人命就不是命了？武汉的外地人的情感就可以忽略了？/**/而我的父母朋友都很担心我，巴不得我赶紧从疫区回家待着好好照顾我，你这种冷血的人怕才是出了事第一时间把别人往火坑里推还政治正确的吧。/**//**/btw 我们的工作使得我们的检疫防护比你这种臭傻逼严格得多，办公室已经全部酒精加臭氧消毒，不比你家干净？,宁可错杀一千不可放过一个，这种歹毒且冷漠，事不关己只会嘴炮的人也配说别人脏？<br />即使我们经过检疫消毒也不允许放过？<br />我们可以不走，但我们的吃喝生死谁管？你那么伟大要不来疫区送温暖和我们一起欢度佳节？<br />之前没看到拿火车的举例子你今天就看到了，武汉没有感染的人命就不是命了？武汉的外地人的情感就可以忽略了？<br />而我的父母朋友都很担心我，巴不得我赶紧从疫区回家待着好好照顾我，你这种冷血的人怕才是出了事第一时间把别人往火坑里推还政治正确的吧。<br /><br />btw 我们的工作使得我们的检疫防护比你这种臭傻逼严格得多，办公室已经全部酒精加臭氧消毒，不比你家干净？,{},"[{'pid': 'bf206c93ly1gb48kpatdej20hs0bygoj', 'url': 'https://wx3.sinaimg.cn/orj360/bf206c93ly1gb48kpatdej20hs0bygoj.jpg', 'size': 'orj360', 'geo': {'width': 401, 'height': 270, 'croped': False}, 'large': {'size': 'large', 'url': 'https://wx3.sinaimg.cn/large/bf206c93ly1gb48kpatdej20hs0bygoj.jpg', 'geo': {'width': '640', 'height': '430', 'croped': False}}}, {'pid': 'bf206c93ly1gb48pre22hj20hs0n9n17', 'url': 'https://wx1.sinaimg.cn/orj360/bf206c93ly1gb48pre22hj20hs0n9n17.jpg', 'size': 'orj360', 'geo': {'width': 360, 'height': 470, 'croped': False}, 'large': {'size': 'large', 'url': 'https://wx1.sinaimg.cn/large/bf206c93ly1gb48pre22hj20hs0n9n17.jpg', 'geo': {'width': '640', 'height': '837', 'croped': False}}}]",{},0,0,1,1581916958.480359,01-21
4463198801195479,3206573203,八荒以后,今年真的很忙。过年的衣服鞋子没买，年货没买，忙到今天才发现没两天就三十了。人家都说过年要做个指甲头发，我连剪指甲的时间都没有。兵荒马乱的，明天就开始放假今天也不能提前走。 ,今年真的很忙。过年的衣服鞋子没买，年货没买，忙到今天才发现没两天就三十了。人家都说过年要做个指甲头发，我连剪指甲的时间都没有。兵荒马乱的，明天就开始放假今天也不能提前走。 ,{},{},{},0,0,1,1581916961.637125,01-21
4463197333299538,3206573203,八荒以后,哈哈哈哈哈哈哈哈哈台湾娱乐八卦讲话好好笑哈哈哈哈哈哈,哈哈哈哈哈哈哈哈哈台湾娱乐八卦讲话好好笑哈哈哈哈哈哈,{},{},"{'id': '4460572038508001', 'content': '弯弯八卦新闻 <a data-url=""http://t.cn/A6v2iPHe"" href=""https://video.weibo.com/show?fid=1034:4460571672641559"" data-hide=""""><span class=\'url-icon\'><img style=\'width: 1rem;height: 1rem\' src=\'https://h5.sinaimg.cn/upload/2015/09/25/3/timeline_card_small_video_default.png\'></span><span class=""surl-text"">台湾傻事的微博视频</span></a> ', 'user': {'id': 5721376081, 'name': '台湾傻事'}}",1,0,0,1581916965.281058,01-21
4463155579188934,3206573203,八荒以后,就觉得人性还是挺黑暗的。好多人骂从武汉回家的人，说把病毒发射到全国各地这种话，恨不得强制封锁武汉一个也不准跑。/**/其实我真的有想过不回去的。但是这两天疫情爆发，很多超市门店都关门了，不回家难道坐等着饿死吗。在我们为了疫情不扩散自己手机看春晚吃泡面时，会有人想着我们做出了什么牺牲吗。/**/没有人会念着你的好，他们只觉得理所应当。那我们为什么不可以逃离呢，为什么只有我们应当坠入深渊呢。/**/一列火车驶来，十个小孩那边就一定比一个小孩那里的生命更珍贵吗。,就觉得人性还是挺黑暗的。好多人骂从武汉回家的人，说把病毒发射到全国各地这种话，恨不得强制封锁武汉一个也不准跑。<br />其实我真的有想过不回去的。但是这两天疫情爆发，很多超市门店都关门了，不回家难道坐等着饿死吗。在我们为了疫情不扩散自己手机看春晚吃泡面时，会有人想着我们做出了什么牺牲吗。<br />没有人会念着你的好，他们只觉得理所应当。那我们为什么不可以逃离呢，为什么只有我们应当坠入深渊呢。<br />一列火车驶来，十个小孩那边就一定比一个小孩那里的生命更珍贵吗。,{},{},{},5,1,4,1581916970.803023,01-21
4463146724569770,3206573203,八荒以后,和对象说有些人觉得用手很奇怪，他感到更奇怪地说“条条大路通高潮～”/**/小伙子看挺透彻 ,"和对象说有些人觉得用手很奇怪，他感到更奇怪地说“条条大路通高潮～”<br />小伙子看挺透彻<span class=""url-icon""><img alt=[good] src=""//h5.sinaimg.cn/m/emoticon/icon/others/h_good-644bcfa993.png"" style=""width:1em; height:1em;"" /></span> ",{},{},{},0,0,0,1581916974.054297,01-21
4462933402942099,3206573203,八荒以后,刚才我又玩到了新的一关，玩不过去又递给男朋友：你又不能睡了耶/**/他脸揪在一起：啊，这个好难哦/**/我心满意足地拿出一袋青梅，掏出一个，撕开，牙齿刚刚触碰到表皮，pad就被递了回来：给/**/我：？？？你是魔鬼 ,"刚才我又玩到了新的一关，玩不过去又递给男朋友：你又不能睡了耶<span class=""url-icon""><img alt=[嘻嘻] src=""//h5.sinaimg.cn/m/emoticon/icon/default/d_xixi-813ededea2.png"" style=""width:1em; height:1em;"" /></span><br />他脸揪在一起：啊，这个好难哦<span class=""url-icon""><img alt=[失望] src=""//h5.sinaimg.cn/m/emoticon/icon/default/d_shiwang-7925938d93.png"" style=""width:1em; height:1em;"" /></span><br />我心满意足地拿出一袋青梅，掏出一个，撕开，牙齿刚刚触碰到表皮，pad就被递了回来：给<span class=""url-icon""><img alt=[太开心] src=""//h5.sinaimg.cn/m/emoticon/icon/default/d_taikaixin-97bd3f82d6.png"" style=""width:1em; height:1em;"" /></span><br />我：？？？你是魔鬼<span class=""url-icon""><img alt=[费解] src=""//h5.sinaimg.cn/m/emoticon/icon/default/d_feijie-bac8e40ab4.png"" style=""width:1em; height:1em;"" /></span> ",{},{},{},0,0,1,1581916980.366832,01-20
4462928088713540,3206573203,八荒以后,我：这一关好难，我们三个硕士，里面一个系统工程师一个研发工程师，卡了半个多小时没过去。/**/🐈：……/**/我：给你！玩不过不准睡！/**/🐈：？？？/**/—— 1minute later——/**/🐈：给/**/我：？？？下一关也很难！玩不过不准睡！/**/🐈：我好慌啊……/**/——1 minute later——/**/🐈：给/**/我：？？？/**//**/永远不要和一个死宅比玩游戏。这是人生重要的经验教训。,"我：这一关好难，我们三个硕士，里面一个系统工程师一个研发工程师，卡了半个多小时没过去。<br />🐈：……<br />我：给你！玩不过不准睡！<br />🐈：？？？<br />—— 1minute later——<br />🐈：给<span class=""url-icon""><img alt=[太开心] src=""//h5.sinaimg.cn/m/emoticon/icon/default/d_taikaixin-97bd3f82d6.png"" style=""width:1em; height:1em;"" /></span><br />我：？？？下一关也很难！玩不过不准睡！<br />🐈：我好慌啊……<br />——1 minute later——<br />🐈：给<span class=""url-icon""><img alt=[太开心] src=""//h5.sinaimg.cn/m/emoticon/icon/default/d_taikaixin-97bd3f82d6.png"" style=""width:1em; height:1em;"" /></span><br />我：？？？<br /><br />永远不要和一个死宅比玩游戏。这是人生重要的经验教训。",{},{},{},0,2,2,1581916984.552602,01-20
4462912586423975,3206573203,八荒以后,看别人投稿讨论手指和🐔哪个好，看得我频频露出姨母微笑，吓得男友一直望着我，只能安慰道“放心你的手很好，我不会去和女人搞姬”。 ,看别人投稿讨论手指和🐔哪个好，看得我频频露出姨母微笑，吓得男友一直望着我，只能安慰道“放心你的手很好，我不会去和女人搞姬”。 ,{},{},{},0,0,2,1581916989.749357,01-20
4462835855909225,3206573203,八荒以后,他突然叫我，姐姐。/**/刚午休起来的我立马清醒过来。/**/我的香水用完了，有推荐的吗？/**/和之前的很多次一样，没有什么超出预料的惊喜，也没有失落。/**/我调笑着问他，继续做骚东西吗，还是沉稳性感的男人？/**/他说女孩子喜欢什么样的？/**/我脱口而出如果是我的话……又赶紧止住，改口说，我这种女孩子什么类型都喜欢的啦，其他女孩子就不好一概而论咯。/**//**/其实想说，你什么样我都喜欢的。/**/和从前千千万万次一样开着玩笑说，我拿着爱的号码牌，什么时候到我呀。/**//**/他说我要特别一点的。/**/于是突然想起最后见他的那次。/**/他就那样从人群中走来，穿着白色亚麻衬衣和黑色裤子，裤边松松地在他纤细的脚踝上一扫一扫，晃晃荡荡漫不经心地将眼风四处投放，像是一株刚刚被夏天阵雨洗刷过的植物，周身笼罩着葱茏的绿意，颀长清新，又很是嚣张。/**/我站在围观街头选秀的喧闹中，只觉得世界突然被定格在了这一刻。我希望他快点走来，又希望那一刻永不到来。/**//**/他从我手中接过香水，说你在这里做什么。我说等你啊。他笑了笑，说好哦，那待会去喝酒？我看着他的眼睛动了动嘴唇，仿佛整座城市的声色犬马已经倾盆而下，让我醉得不省人事，只能讷讷地说好。/**//**/推荐灰色香根草给他，如青草一样清新的开篇，再用肉豆蔻鸢尾和琥珀带来冬日下午两三点的金色阳光的温度，橡苔是我最爱的底色。像扑进他怀抱的那些良夜，我们终究走失在温凉的夏日里。,他突然叫我，姐姐。<br />刚午休起来的我立马清醒过来。<br />我的香水用完了，有推荐的吗？<br />和之前的很多次一样，没有什么超出预料的惊喜，也没有失落。<br />我调笑着问他，继续做骚东西吗，还是沉稳性感的男人？<br />他说女孩子喜欢什么样的？<br />我脱口而出如果是我的话……又赶紧止住，改口说，我这种女孩子什么类型都喜欢的啦，其他女孩子就不好一概而论咯。<br /><br />其实想说，你什么样我都喜欢的。<br />和从前千千万万次一样开着玩笑说，我拿着爱的号码牌，什么时候到我呀。<br /><br />他说我要特别一点的。<br />于是突然想起最后见他的那次。<br />他就那样从人群中走来，穿着白色亚麻衬衣和黑色裤子，裤边松松地在他纤细的脚踝上一扫一扫，晃晃荡荡漫不经心地将眼风四处投放，像是一株刚刚被夏天阵雨洗刷过的植物，周身笼罩着葱茏的绿意，颀长清新，又很是嚣张。<br />我站在围观街头选秀的喧闹中，只觉得世界突然被定格在了这一刻。我希望他快点走来，又希望那一刻永不到来。<br /><br />他从我手中接过香水，说你在这里做什么。我说等你啊。他笑了笑，说好哦，那待会去喝酒？我看着他的眼睛动了动嘴唇，仿佛整座城市的声色犬马已经倾盆而下，让我醉得不省人事，只能讷讷地说好。<br /><br />推荐灰色香根草给他，如青草一样清新的开篇，再用肉豆蔻鸢尾和琥珀带来冬日下午两三点的金色阳光的温度，橡苔是我最爱的底色。像扑进他怀抱的那些良夜，我们终究走失在温凉的夏日里。,{},{},{},0,1,4,1581916996.015771,01-20
4462753614237661,3206573203,八荒以后,想起来前几天梦到过他。雨水打湿了他的头发，他的头发打着卷一绺一绺地垂在前额。/**/我捧着他的脑袋，手指插在他发间，问他你的卷发之前不是烫出来的吗。/**/他伸出一只手轻轻牵住我，还是那种带着鼻音的温温柔柔的语调，说是呀，但我本来也是自然卷。只是那时候我觉得卷得不太好看，所以烫过。/**/后面就不记得了。/**/我和他在一起的时候总是这样。话不多，两个人有一搭没一搭地说着。大多数时候是我沉默地呼吸，呼吸他周身冒出的粉色泡泡，看起来没有表情，其实嘴脸都是小小的得意。/**/但我始终觉得他只是盲目地喜欢我经营出来的人设，而拒绝热爱真正的我。/**/我的愤怒和不甘也并不来源于他有不够温柔周全的地方，而在于其实我心里非常想要和他长久，想要被他真正理解后仍旧不离不弃。/**/是我太想得到太怕失去，所以像一条频频作恶的小狗，要他接受全然的哪怕很可能并不真正会出现的，我糟糕的样子。/**/但他从来没有那样的勇气和力量真正抓住我。,想起来前几天梦到过他。雨水打湿了他的头发，他的头发打着卷一绺一绺地垂在前额。<br />我捧着他的脑袋，手指插在他发间，问他你的卷发之前不是烫出来的吗。<br />他伸出一只手轻轻牵住我，还是那种带着鼻音的温温柔柔的语调，说是呀，但我本来也是自然卷。只是那时候我觉得卷得不太好看，所以烫过。<br />后面就不记得了。<br />我和他在一起的时候总是这样。话不多，两个人有一搭没一搭地说着。大多数时候是我沉默地呼吸，呼吸他周身冒出的粉色泡泡，看起来没有表情，其实嘴脸都是小小的得意。<br />但我始终觉得他只是盲目地喜欢我经营出来的人设，而拒绝热爱真正的我。<br />我的愤怒和不甘也并不来源于他有不够温柔周全的地方，而在于其实我心里非常想要和他长久，想要被他真正理解后仍旧不离不弃。<br />是我太想得到太怕失去，所以像一条频频作恶的小狗，要他接受全然的哪怕很可能并不真正会出现的，我糟糕的样子。<br />但他从来没有那样的勇气和力量真正抓住我。,{},{},{},0,0,6,1581917002.212865,01-20
4461539535227525,3206573203,八荒以后,我其实特别想对人好，尤其是对心里有我的人好。但是有的人对我不那么好，或者断断续续的好，我就很难受。不是难受别人不对我好了，而是我因此不能心甘情愿对祂好了。其实就算别人不对我好，我也可以对别人好的，但被辜负多了，就总想少受些轻视与背弃。 ,我其实特别想对人好，尤其是对心里有我的人好。但是有的人对我不那么好，或者断断续续的好，我就很难受。不是难受别人不对我好了，而是我因此不能心甘情愿对祂好了。其实就算别人不对我好，我也可以对别人好的，但被辜负多了，就总想少受些轻视与背弃。 ,{},{},{},0,1,3,1581917005.424891,01-17
4461273217318425,3206573203,八荒以后,梦到了lin和leuih。他们即是他们又不是他们，他们是无数个冷漠的拼凑。 ,梦到了lin和leuih。他们即是他们又不是他们，他们是无数个冷漠的拼凑。 ,{},{},{},0,0,2,1581917010.873899,01-16
4461165868863585,3206573203,八荒以后,现在才觉得有时候一定程度的掩饰和矫揉并不能称为不真实。这也是一种真实。我们不能因为自己做不到那样巧妙而否定它。 ,现在才觉得有时候一定程度的掩饰和矫揉并不能称为不真实。这也是一种真实。我们不能因为自己做不到那样巧妙而否定它。 ,{},{},{},0,0,1,1581917016.134179,01-16
4460799655378795,3206573203,八荒以后,我是如此自私自我恃宠而骄肆意妄为的人，对我而言不可能有永恒。 ,我是如此自私自我恃宠而骄肆意妄为的人，对我而言不可能有永恒。 ,{},{},{},0,0,3,1581917022.258093,01-15
4460795787858558,3206573203,八荒以后,如果聊天的时候不认真的话就不要聊了吧。我每天也没有很多时间精力去和谁说话的，我原本可以练字看书追剧做运动，也不是非要把时间浪费在细心遣词造句上却被人一眼瞟过回我一些南辕北辙的话的。 ,如果聊天的时候不认真的话就不要聊了吧。我每天也没有很多时间精力去和谁说话的，我原本可以练字看书追剧做运动，也不是非要把时间浪费在细心遣词造句上却被人一眼瞟过回我一些南辕北辙的话的。 ,{},{},{},1,0,4,1581917027.412817,01-15
4460791896389378,3206573203,八荒以后,忙。但是因为很忙，所以把事情完成的时候坐在那默默流泪。一方面是突然松了一口气，一方面是做完这些事情以后的成就感。想想自己真的很拼，然后悄悄在心里说一句“你真厉害啊，你值得你拥有的一切了”。 ,忙。但是因为很忙，所以把事情完成的时候坐在那默默流泪。一方面是突然松了一口气，一方面是做完这些事情以后的成就感。想想自己真的很拼，然后悄悄在心里说一句“你真厉害啊，你值得你拥有的一切了”。 ,{},{},{},2,0,3,1581917032.547162,01-15
4460379130746860,3206573203,八荒以后,武汉！！！,"武汉！！！<span class=""url-icon""><img alt=[憧憬] src=""//h5.sinaimg.cn/m/emoticon/icon/default/d_xingxingyan-06a3ca0ae4.png"" style=""width:1em; height:1em;"" /></span>",{},{},"{'id': '4460261048580353', 'content': '一杯奶茶钱的光子嫩肤，关于变美的所有羊毛，快来薅！全国都有！城市持续更新轮转——关注即可得券。<br /><br />👏首先这是一个发“变美券“的博，深蓝美券的项目价格大概就是正价的0.3折——1折左右，比如皮肤项目，光子嫩肤分为19.9元（dpl，ipl），29.9元（m22 elos），39.9（Nordlys星耀VII）元三种，比如水光针19.9（润月雅）元，比如超皮秒（picoway）也只定在了千余块的一个价格等等等等。<br /><br />美业上只要能薅羊毛的，深蓝就能拿下低价，并且让大家享受到跟正价同样的服务，这点毋庸置疑。<br /><br />👏 深蓝皮肤是线上唯一由厂家背书的皮肤管理平台，所有深蓝姑娘享有低价补贴下的绝对正品保障，见p1—3<br /><br />p4 深蓝医生保障<br /><br />p5 为什么要发券<br /><br />p6 深蓝为什么能做到低价+便宜<br /><br />👏第一个深蓝美券活动活动是光子嫩肤，这是一个万能型的项目，也是很多姑娘入门或者保养的首选，更是深蓝一贯的甚至敢开终身卡的王牌项目。<br /><br />👏目前暂时开放的城市：北京，上海，广州，深圳，西安，武汉，重庆 ，长沙，杭州，成都，南京，郑州，南宁，青岛，海口<br />\xa0<br />以后还会有更多城市，每次发券活动我会提前预告，并上热门让大家知晓。可拍链接见评论。<br /><br />👏同时转发本博+关注我，每月直抽30个美券体验官<a href=\'/n/微博抽奖平台\'>@微博抽奖平台</a> <br /><br />只要关注我，私信“券”，可得一张价值199的深蓝新客券，在小券母账号<a href=\'/n/深蓝皮肤管理研究院\'>@深蓝皮肤管理研究院</a> 活动期间也可以使用，全国各地的深蓝都可。 <br /><br />👏不知道该抢什么券，做什么项目的话可以参见详细功课以及p7思维导图<br /><br />皮秒：<a data-url=""http://t.cn/EalKDGK"" href=""https://m.weibo.cn/6346951781/4364329841587200"" data-hide=""""><span class=\'url-icon\'><img style=\'width: 1rem;height: 1rem\' src=\'https://h5.sinaimg.cn/upload/2015/09/25/3/timeline_card_small_web_default.png\'></span><span class=""surl-text"">网页链接</span></a><br />光子嫩肤、超皮秒、剥脱性点阵激光、调Q：<a data-url=""http://t.cn/AiuHFKWj"" href=""https://m.weibo.cn/7125942835/4426993237829032"" data-hide=""""><span class=\'url-icon\'><img style=\'width: 1rem;height: 1rem\' src=\'https://h5.sinaimg.cn/upload/2015/09/25/3/timeline_card_small_web_default.png\'></span><span class=""surl-text"">网页链接</span></a><br />肉毒素：<a data-url=""http://t.cn/A6vTya7Z"" href=""https://m.weibo.cn/6346951781/4371520715267206"" data-hide=""""><span class=\'url-icon\'><img style=\'width: 1rem;height: 1rem\' src=\'https://h5.sinaimg.cn/upload/2015/09/25/3/timeline_card_small_web_default.png\'></span><span class=""surl-text"">网页链接</span></a> <br />菲洛嘉、三文鱼、丝丽：<a data-url=""http://t.cn/A6vTya7w"" href=""https://m.weibo.cn/6346951781/4462164833969438"" data-hide=""""><span class=\'url-icon\'><img style=\'width: 1rem;height: 1rem\' src=\'https://h5.sinaimg.cn/upload/2015/09/25/3/timeline_card_small_web_default.png\'></span><span class=""surl-text"">网页链接</span></a><br />热玛吉：<a data-url=""http://t.cn/AimWAEMC"" href=""https://m.weibo.cn/6346951781/4398333080933993"" data-hide=""""><span class=\'url-icon\'><img style=\'width: 1rem;height: 1rem\' src=\'https://h5.sinaimg.cn/upload/2015/09/25/3/timeline_card_small_web_default.png\'></span><span class=""surl-text"">网页链接</span></a><br />超声刀：<a data-url=""http://t.cn/EvrGz3k"" href=""https://m.weibo.cn/6346951781/4276270500412949"" data-hide=""""><span class=\'url-icon\'><img style=\'width: 1rem;height: 1rem\' src=\'https://h5.sinaimg.cn/upload/2015/09/25/3/timeline_card_small_web_default.png\'></span><span class=""surl-text"">网页链接</span></a><br />玻尿酸、嗨体、PRP：<a data-url=""http://t.cn/A6vTya77"" href=""https://m.weibo.cn/6346951781/4406654261113534"" data-hide=""""><span class=\'url-icon\'><img style=\'width: 1rem;height: 1rem\' src=\'https://h5.sinaimg.cn/upload/2015/09/25/3/timeline_card_small_web_default.png\'></span><span class=""surl-text"">网页链接</span></a><br />毛孔问题解决方式：<a data-url=""http://t.cn/A6vTya7v"" href=""https://m.weibo.cn/7125942835/4386445756515642"" data-hide=""""><span class=\'url-icon\'><img style=\'width: 1rem;height: 1rem\' src=\'https://h5.sinaimg.cn/upload/2015/09/25/3/timeline_card_small_web_default.png\'></span><span class=""surl-text"">网页链接</span></a><br />痘痘问题：<a data-url=""http://t.cn/AiulHIEt"" href=""https://m.weibo.cn/6346951781/4421111905248685"" data-hide=""""><span class=\'url-icon\'><img style=\'width: 1rem;height: 1rem\' src=\'https://h5.sinaimg.cn/upload/2015/09/25/3/timeline_card_small_web_default.png\'></span><span class=""surl-text"">网页链接</span></a>', 'user': {'id': 7322352935, 'name': '深蓝美券'}}",0,0,0,1581917035.786043,01-13
4460058299168014,3206573203,八荒以后,这几年越来越深的一个感受是，但行好事，莫问前程。/**/可能你不够幸运，不够聪明，但是你努力，你真诚，别人都是看得到的。命运不会亏待你。即使你想要的现在没有来，那也是因为幸福比不幸更重一些，所以它来得晚一些慢一些。/**/你不要急着用力抓取，不要用心机手段，做好规划和当下的事，你不辜负自己，就不会太后悔。,这几年越来越深的一个感受是，但行好事，莫问前程。<br />可能你不够幸运，不够聪明，但是你努力，你真诚，别人都是看得到的。命运不会亏待你。即使你想要的现在没有来，那也是因为幸福比不幸更重一些，所以它来得晚一些慢一些。<br />你不要急着用力抓取，不要用心机手段，做好规划和当下的事，你不辜负自己，就不会太后悔。,{},{},{},0,0,4,1581917040.490246,01-12
4459890472638044,3206573203,八荒以后,转发微博,转发微博,{},{},"{'id': '4459260023122175', 'content': '因为没机会受高等教育，所以根本不知道这类教育会让人独立思考。因为没有独立思考能力，随大流拼尽全力让子女受了教育。他们并不知道自己所有的努力都日复一日让子女变得难以理解。这是我们父母一辈，一生最大的悲伤。 ', 'user': {'id': 1371020021, 'name': '昭2590C'}}",0,0,2,1581917045.771658,01-12
4459635735965312,3206573203,八荒以后,懂了，工作使我发财。,"<span class=""url-icon""><img alt=[嘻嘻] src=""//h5.sinaimg.cn/m/emoticon/icon/default/d_xixi-813ededea2.png"" style=""width:1em; height:1em;"" /></span>懂了，工作使我发财。",{},{},"{'id': '4459488201777488', 'content': '假如你微博的第三个表情，代表了你2020年的财运，来看看你的是什么<span class=""url-icon""><img alt=[来] src=""//h5.sinaimg.cn/m/emoticon/icon/others/h_lai-7146755d29.png"" style=""width:1em; height:1em;"" /></span> ', 'user': {'id': 5065282609, 'name': '这动漫真厉害'}}",0,0,0,1581917050.175094,01-11
4459399713980340,3206573203,八荒以后,和家里走到这一步，最难过的不是断绝关系恶言相向，而是很多事情本不必如此，而走到如今这一步，全是我们心里已经预设对方是最糟糕的样子。 ,和家里走到这一步，最难过的不是断绝关系恶言相向，而是很多事情本不必如此，而走到如今这一步，全是我们心里已经预设对方是最糟糕的样子。 ,{},{},{},0,0,3,1581917056.901797,01-11
4458969856277339,3206573203,八荒以后,每天下班以后就疯狂下单，彩妆护肤品，农产品，美容仪，衣服鞋子包。/**/买东西真快乐啊，就是很多快递都堵在高速上，挺慢的，顺丰都没有时效性了。也蛮心疼那些堵在路上的人，每次都会想到那个在电梯里急得直哭的外卖小哥。 ,每天下班以后就疯狂下单，彩妆护肤品，农产品，美容仪，衣服鞋子包。<br />买东西真快乐啊，就是很多快递都堵在高速上，挺慢的，顺丰都没有时效性了。也蛮心疼那些堵在路上的人，每次都会想到那个在电梯里急得直哭的外卖小哥。 ,{},{},{},0,0,2,1581917061.329149,01-09
4458863082313472,3206573203,八荒以后,可能面临调岗，年收预计会增加50%，会有更强的能力和更快拔高的地位。但如果这意味着随时加班，全国出差，前所未有的巨大压力，我还想要这样吗。/**/心里是不想的，我太懒了，只想在爱人怀里做一只小猫咪，周五晚上就奔向他，周六周日我们拥抱着睡一整天，再出门逛逛。/**/但有钱多好啊，我现在买喜欢的东西已经不需要害怕价格了。拿钱换快乐，到底值不值得呢。,可能面临调岗，年收预计会增加50%，会有更强的能力和更快拔高的地位。但如果这意味着随时加班，全国出差，前所未有的巨大压力，我还想要这样吗。<br />心里是不想的，我太懒了，只想在爱人怀里做一只小猫咪，周五晚上就奔向他，周六周日我们拥抱着睡一整天，再出门逛逛。<br />但有钱多好啊，我现在买喜欢的东西已经不需要害怕价格了。拿钱换快乐，到底值不值得呢。,{},{},{},0,1,7,1581917064.71638,01-09
4458781981154408,3206573203,八荒以后,有时候和猫混熟了真的会忍不住揍它，也不是虐猫或者真的怒不可遏那种，就类似于你的傻逼男朋友惹你生气你忍不住给他两拳那样。是一种太过于亲密以至于想突破界限的表现。/**/P.S.截至目前，我还没有揍过苗苗和男朋友，只是举例。 ,有时候和猫混熟了真的会忍不住揍它，也不是虐猫或者真的怒不可遏那种，就类似于你的傻逼男朋友惹你生气你忍不住给他两拳那样。是一种太过于亲密以至于想突破界限的表现。<br />P.S.截至目前，我还没有揍过苗苗和男朋友，只是举例。 ,{},{},{},0,0,3,1581917070.956993,01-09
4458633959970875,3206573203,八荒以后,特别喜欢李诞说的一句话，我们可以在外面讲公平讲权利，但是在家庭里，我们想要得到的是超量的爱。这种爱本身就意味着对权利的侵犯，可是谁不想要呢。/**/我们入侵彼此的边界，给出也得到超量的爱，这是一段关系的意义。 ,特别喜欢李诞说的一句话，我们可以在外面讲公平讲权利，但是在家庭里，我们想要得到的是超量的爱。这种爱本身就意味着对权利的侵犯，可是谁不想要呢。<br />我们入侵彼此的边界，给出也得到超量的爱，这是一段关系的意义。 ,{},{},{},0,0,15,1581917075.21127,01-09
4458631619277775,3206573203,八荒以后,当匕首刺向心脏新伤只能叠在旧伤上，真的会让人更痛。/**/我已经学会了如何自保，像一只乌贼，触角远远碰到了什么就赶紧退缩。 ,当匕首刺向心脏新伤只能叠在旧伤上，真的会让人更痛。<br />我已经学会了如何自保，像一只乌贼，触角远远碰到了什么就赶紧退缩。 ,{},{},{},0,0,1,1581917079.397128,01-09
4458569241770947,3206573203,八荒以后,我的妈呀肖战这么厉害的吗，相当颠覆他一直以来的流量定位，感觉平时看到高度磨皮的照片和泥塑好浪费他自身的优秀特质。这是一段很有力的表演。他给我的感觉和千玺好像，都是那种一出道就被捧到高处但还是会自己努力用实力说话的类型。很吸引人。,我的妈呀肖战这么厉害的吗，相当颠覆他一直以来的流量定位，感觉平时看到高度磨皮的照片和泥塑好浪费他自身的优秀特质。这是一段很有力的表演。他给我的感觉和千玺好像，都是那种一出道就被捧到高处但还是会自己努力用实力说话的类型。很吸引人。,{},{},"{'id': '4458422302501693', 'content': '平凡的温暖。<a  href=""https://m.weibo.cn/search?containerid=231522type%3D1%26t%3D10%26q%3D%23%E6%9C%80%E7%BE%8E%E8%A1%A8%E6%BC%94%23&isnewpage=1"" data-hide=""""><span class=""surl-text"">#最美表演#</span></a> <a data-url=""http://t.cn/AisohdGe"" href=""https://video.weibo.com/show?fid=1034:4458253296271391"" data-hide=""""><span class=\'url-icon\'><img style=\'width: 1rem;height: 1rem\' src=\'https://h5.sinaimg.cn/upload/2015/09/25/3/timeline_card_small_video_default.png\'></span><span class=""surl-text"">最美表演的微博视频</span></a> ', 'user': {'id': 1792951112, 'name': 'X玖少年团肖战DAYTOY'}}",0,0,0,1581917082.529545,01-08
4458504934785763,3206573203,八荒以后,好累啊，他妈的好累啊。感觉我对工作有创伤应激障碍了。 ,好累啊，他妈的好累啊。感觉我对工作有创伤应激障碍了。 ,{},{},{},0,0,1,1581917087.860266,01-08
4458240043442916,3206573203,八荒以后,快递马上就要停了，请问各位plmm有什么好买的吗？今年流行啥衣服鞋子妆容色号包包啊？/**/我现在仿佛被流放到时尚荒漠，不仅敢不化妆出门甚至敢穿着家居服上班了🤦🏻♀️/**/润唇膏 眼影 乳液有推荐吗，想买lamer和ginza又有、心疼【毕竟穷 ,快递马上就要停了，请问各位plmm有什么好买的吗？今年流行啥衣服鞋子妆容色号包包啊？<br />我现在仿佛被流放到时尚荒漠，不仅敢不化妆出门甚至敢穿着家居服上班了🤦🏻♀️<br />润唇膏 眼影 乳液有推荐吗，想买lamer和ginza又有、心疼【毕竟穷 ,{},{},{},0,0,5,1581917094.149069,01-07
4458237023604911,3206573203,八荒以后,爱媛真好吃。他买的。嘿嘿。 ,爱媛真好吃。他买的。嘿嘿。 ,{},{},{},0,0,3,1581917097.879074,01-07
4458173236741311,3206573203,八荒以后,早上出门前想了下要带什么吃的下午吃，但怕长胖就没带，坐到位子上看到他给我买的可颂才想起来“我有吃的”这回事。/**/还有很多这样的时刻。/**/我穿着湿哒哒的塑料拖鞋乱跑，他抓着我脚踝帮我擦干换上棉拖；我丢三落四，他总是把东西放在我手边让我能碰一下就想起来；喝药冲咖啡这些事他比我记得更清楚，看到我缺什么就默默下单寄到我家里，连我现在用的撑衣杆都是他买的。/**/在生活所有的细枝末节里，我都能感受到他永远比我更快一步的爱意。他让我强烈地想要活，想将所有的浪漫落实到生活中去，想爱意温厚绵长。,早上出门前想了下要带什么吃的下午吃，但怕长胖就没带，坐到位子上看到他给我买的可颂才想起来“我有吃的”这回事。<br />还有很多这样的时刻。<br />我穿着湿哒哒的塑料拖鞋乱跑，他抓着我脚踝帮我擦干换上棉拖；我丢三落四，他总是把东西放在我手边让我能碰一下就想起来；喝药冲咖啡这些事他比我记得更清楚，看到我缺什么就默默下单寄到我家里，连我现在用的撑衣杆都是他买的。<br />在生活所有的细枝末节里，我都能感受到他永远比我更快一步的爱意。他让我强烈地想要活，想将所有的浪漫落实到生活中去，想爱意温厚绵长。,{},{},{},0,0,5,1581917101.03089,01-07
4458043527420389,3206573203,八荒以后,上周做了非常恐怖的噩梦，以至于晚上吓得不敢睡觉。他说那我来陪你吧，现在闪现在你身边，明天晚上也陪你。/**/我说别闹啦，怎么可能。/**/他语气认真地说有什么不可能。只是这样我就要早起，怕打扰你休息。/**//**/以前睡眠质量很不好，但和他在一起我总是睡很快。回回“我困了”的话音刚落就沉沉睡去，一夜无梦，我还当是睡眠质量提升。但昨晚一个人睡的时候还是翻来覆去睡不着，觉得头皮很紧，空气滞重。给他打电话过去，聊了两句整个人就舒展开来，在床上划着大字，像再次陷入了春天。/**//**/两个人都有空的时候，他一定在我身旁。两个人没空的时候，我们会打通宵的电话。他给我无尽的如水温柔，把我一点点小心包裹起来，每每想到都觉得自己何其幸运。,上周做了非常恐怖的噩梦，以至于晚上吓得不敢睡觉。他说那我来陪你吧，现在闪现在你身边，明天晚上也陪你。<br />我说别闹啦，怎么可能。<br />他语气认真地说有什么不可能。只是这样我就要早起，怕打扰你休息。<br /><br />以前睡眠质量很不好，但和他在一起我总是睡很快。回回“我困了”的话音刚落就沉沉睡去，一夜无梦，我还当是睡眠质量提升。但昨晚一个人睡的时候还是翻来覆去睡不着，觉得头皮很紧，空气滞重。给他打电话过去，聊了两句整个人就舒展开来，在床上划着大字，像再次陷入了春天。<br /><br />两个人都有空的时候，他一定在我身旁。两个人没空的时候，我们会打通宵的电话。他给我无尽的如水温柔，把我一点点小心包裹起来，每每想到都觉得自己何其幸运。,{},{},{},0,0,6,1581917106.26743,01-07
4457837545463801,3206573203,八荒以后,快递都快停运了，为什么我喜欢的博主们还不团silkn2.0！我想花钱！！ ,快递都快停运了，为什么我喜欢的博主们还不团silkn2.0！我想花钱！！ ,{},{},{},0,0,0,1581917111.403165,01-06
4457743266122703,3206573203,八荒以后,和喜欢的博主互关了！！！我快乐！@圆月菀刀  ,"和喜欢的博主互关了！！！我快乐！<a href='/n/圆月菀刀'>@圆月菀刀</a> <span class=""url-icon""><img alt=[爱你] src=""//h5.sinaimg.cn/m/emoticon/icon/default/d_aini-4a23c0524a.png"" style=""width:1em; height:1em;"" /></span> ",{},"[{'pid': 'bf206c93gy1gamtujg4m9j20hs056jse', 'url': 'https://wx4.sinaimg.cn/orj360/bf206c93gy1gamtujg4m9j20hs056jse.jpg', 'size': 'orj360', 'geo': {'width': '640', 'height': '186', 'croped': False}, 'large': {'size': 'large', 'url': 'https://wx4.sinaimg.cn/large/bf206c93gy1gamtujg4m9j20hs056jse.jpg', 'geo': {'width': '640', 'height': '186', 'croped': False}}}]",{},0,0,2,1581917114.514875,01-06
4457712446300481,3206573203,八荒以后,我以前是很无所谓生死的。那次以为自己要死掉的时候，也只是冷静地想了想父母怎么办。/**/但昨天听人说起肺炎的事情，整个人吓得在他怀里不住发抖。/**/是我变胆小了吗。好像也不是吧。/**/和他在一起，我收获了好多温柔爱意，他点亮了我的世界，让我有力气再次伸出触角感受一下冷暖，让我充满期待和安宁。/**/是他让我眷恋这个世界，相比之下黑暗变得尖锐冷硬，难以忍受，才因此更加恐惧身后的无知无觉。,我以前是很无所谓生死的。那次以为自己要死掉的时候，也只是冷静地想了想父母怎么办。<br />但昨天听人说起肺炎的事情，整个人吓得在他怀里不住发抖。<br />是我变胆小了吗。好像也不是吧。<br />和他在一起，我收获了好多温柔爱意，他点亮了我的世界，让我有力气再次伸出触角感受一下冷暖，让我充满期待和安宁。<br />是他让我眷恋这个世界，相比之下黑暗变得尖锐冷硬，难以忍受，才因此更加恐惧身后的无知无觉。,{},{},{},0,0,5,1581917118.667941,01-06
4457480899761606,3206573203,八荒以后,公主推啥俺买啥,"公主推啥俺买啥<span class=""url-icon""><img alt=[good] src=""//h5.sinaimg.cn/m/emoticon/icon/others/h_good-644bcfa993.png"" style=""width:1em; height:1em;"" /></span>",{},{},"{'id': '4457464113805966', 'content': '欢迎来到《2019乡镇贵妇李奇葩年度美妆龙门阵》<br />2018年因为忙（懒）鸽了一年，今年不敢鸽了<br />今年对美妆品的感悟是：“新品来势凶猛，但经典依旧稳固”<br />此年单还是保持无广告无合作的风格<br />作为幺妹儿们再2020不知道买什么的时候的一个参考<br />重点：李奇葩与李奇潭无关，她是李奇潭住在乡镇务农的妹妹<br />每年年底农忙完了来一次<br />所以李奇葩的言谈举止与李奇潭本人无关<br />谢谢！希望幺妹儿们看的开心！ <a data-url=""http://t.cn/Aisfkt27"" href=""https://video.weibo.com/show?fid=1034:4457432781619214"" data-hide=""""><span class=\'url-icon\'><img style=\'width: 1rem;height: 1rem\' src=\'https://h5.sinaimg.cn/upload/2015/09/25/3/timeline_card_small_video_default.png\'></span><span class=""surl-text"">李奇潭的微博视频</span></a>', 'user': {'id': 1576284783, 'name': '李奇潭'}}",1,0,0,1581917121.819658,01-05
4457231611201852,3206573203,八荒以后,发现没，鸡仔那种以前十指不沾阳春水，每天写诗，谈痛苦与情绪，抽烟，活在云端的女人，现在很少发微博了。发微博也是流水账，嘿嘿傻乐。/**/我也是，连自拍也发得少（因为吃胖了）。/**/恋爱让大家变成了现充，看客兴致寥寥，但我们也并不在意。/**//**/今天和他一起去撸了羊驼，我骑在人家身上抱着人家的脖子嗷呜了半天，他说那以后在家里的院子也养一只；/**/苗苗依旧很黏我，早上六点爬起来上厕所的时候会窜到床边求抱抱，但也实在是一大路障，突然出现在脚边总是把我吓到；/**/布偶和斯芬克斯跳到腿上就开始乖乖睡觉，被小动物喜欢和信赖是一件很幸福的事情；/**/楠楠特调了酒，耗时甚久，成本颇昂，是我向来喜欢的样子；/**/在暖洋洋的店里聊天，饮酒，分享烟草与电影，和外面冰冷寂寥的街道完全是两个不同的世界。,发现没，鸡仔那种以前十指不沾阳春水，每天写诗，谈痛苦与情绪，抽烟，活在云端的女人，现在很少发微博了。发微博也是流水账，嘿嘿傻乐。<br />我也是，连自拍也发得少（因为吃胖了）。<br />恋爱让大家变成了现充，看客兴致寥寥，但我们也并不在意。<br /><br />今天和他一起去撸了羊驼，我骑在人家身上抱着人家的脖子嗷呜了半天，他说那以后在家里的院子也养一只；<br />苗苗依旧很黏我，早上六点爬起来上厕所的时候会窜到床边求抱抱，但也实在是一大路障，突然出现在脚边总是把我吓到；<br />布偶和斯芬克斯跳到腿上就开始乖乖睡觉，被小动物喜欢和信赖是一件很幸福的事情；<br />楠楠特调了酒，耗时甚久，成本颇昂，是我向来喜欢的样子；<br />在暖洋洋的店里聊天，饮酒，分享烟草与电影，和外面冰冷寂寥的街道完全是两个不同的世界。,{},"[{'pid': 'bf206c93ly1gal6swqgh7j23402c0b2i', 'url': 'https://wx1.sinaimg.cn/orj360/bf206c93ly1gal6swqgh7j23402c0b2i.jpg', 'size': 'orj360', 'geo': {'width': 360, 'height': 270, 'croped': False}, 'large': {'size': 'large', 'url': 'https://wx1.sinaimg.cn/large/bf206c93ly1gal6swqgh7j23402c0b2i.jpg', 'geo': {'width': 2048, 'height': 1536, 'croped': False}}}, {'pid': 'bf206c93ly1gal6sry8nbj22c02c0kjq', 'url': 'https://wx3.sinaimg.cn/orj360/bf206c93ly1gal6sry8nbj22c02c0kjq.jpg', 'size': 'orj360', 'geo': {'width': 360, 'height': 360, 'croped': False}, 'large': {'size': 'large', 'url': 'https://wx3.sinaimg.cn/large/bf206c93ly1gal6sry8nbj22c02c0kjq.jpg', 'geo': {'width': 2048, 'height': 2048, 'croped': False}}}, {'pid': 'bf206c93ly1gal6syo8ufj22c02c01kz', 'url': 'https://wx4.sinaimg.cn/orj360/bf206c93ly1gal6syo8ufj22c02c01kz.jpg', 'size': 'orj360', 'geo': {'width': 360, 'height': 360, 'croped': False}, 'large': {'size': 'large', 'url': 'https://wx4.sinaimg.cn/large/bf206c93ly1gal6syo8ufj22c02c01kz.jpg', 'geo': {'width': 2048, 'height': 2048, 'croped': False}}}, {'pid': 'bf206c93ly1gal6steacsj23402c07wk', 'url': 'https://wx4.sinaimg.cn/orj360/bf206c93ly1gal6steacsj23402c07wk.jpg', 'size': 'orj360', 'geo': {'width': 360, 'height': 270, 'croped': False}, 'large': {'size': 'large', 'url': 'https://wx4.sinaimg.cn/large/bf206c93ly1gal6steacsj23402c07wk.jpg', 'geo': {'width': 2048, 'height': 1536, 'croped': False}}}]",{},2,3,13,1581917126.406399,01-05
4457004573450468,3206573203,八荒以后,我也喜欢啊！！！,"我也喜欢啊！！！<span class=""url-icon""><img alt=[憧憬] src=""//h5.sinaimg.cn/m/emoticon/icon/default/d_xingxingyan-06a3ca0ae4.png"" style=""width:1em; height:1em;"" /></span><span class=""url-icon""><img alt=[舔屏] src=""//h5.sinaimg.cn/m/emoticon/icon/default/d_tian-fe397541e6.png"" style=""width:1em; height:1em;"" /></span>",{},{},"{'id': '4456965679601523', 'content': ""如果你很喜欢当下SAINT LAURENT那种黑色丝袜+长腿硬朗而又性感的风格，那你一定也会喜欢Helmut Newton的作品🖤 这位出生于柏林的摄影大师，以充满情色意味的黑白照片著名，最多见的就是女性的黑色袜、高跟鞋和腿部线条。他直言不讳道：“我喜欢粗俗。我被低级趣味所吸引，它比所谓的高级趣味更令人兴奋。”<br /><br />他镜头下的女性虽然裸露但却个个都充满力量，为当时的Thierry Mugler和Yves Saint Laurent以及如Vogue、Playboy、Harper's Bazaar等主流杂志留下过许许多多精彩的作品。从这些照片中也可以看出他对女性肢体的迷恋，只有热爱，才能把肢体的特色拍摄得如此突出和强烈。"", 'user': {'id': 5041690655, 'name': 'iDest'}}",0,0,0,1581917132.70196,01-04
